objID,ra,dec,run,rerun,camcol,field,type,u0,g0,r0,i0,z0,Redshift
1237657069546045547,21.8447495675821,-0.865857136644186,2700,301,1,11,GALAXY,18.86256,17.33891,16.64217,16.31264,16.07561,0.0184128
1237657069546111033,21.8981927843691,-0.988709134713068,2700,301,1,12,GALAXY,18.29914,16.68348,15.98655,15.6388,15.40237,0.01685611
1237657069546504369,22.8665815164567,-0.934214028525471,2700,301,1,18,GALAXY,18.81321,17.35208,16.67263,16.35828,16.15424,0.01792708
1237657069546831989,23.5315245012066,-1.0483782385869,2700,301,1,23,GALAXY,18.78121,17.25762,16.62786,16.30831,16.11285,0.01610398
1237668314309918729,209.347504574464,15.4592645359507,5318,301,2,51,GALAXY,18.71203,17.2207,16.62819,16.34444,16.15074,0.01789381
1237655108918509718,201.827361192606,59.5028615347553,2243,301,5,393,GALAXY,17.47762,16.11477,15.25686,14.84134,14.498,0.01641387
1237658203430125726,159.424630839314,46.0424894218806,2964,301,1,205,GALAXY,17.62376,16.01339,15.33927,14.94912,14.86444,0.01779271
1237658203962409162,145.861543875973,42.1867918510673,2964,301,2,135,GALAXY,17.55432,16.12366,15.39678,15.0248,14.67354,0.01754779
1237661972269891724,209.467586361387,7.41349676739421,3841,301,5,296,GALAXY,17.33589,15.85116,15.04671,14.69007,14.42687,0.01560619
1237679253052784751,15.9784243081611,-5.93876435873774,7865,301,1,21,GALAXY,18.34095,16.75776,16.00971,15.61817,15.33232,0.01853699
1237679253595619454,29.6268948239164,-5.11111068224474,7865,301,2,112,GALAXY,18.27997,16.99554,16.08849,15.63137,15.27597,0.01629027
1237648720676061449,139.395553411012,-0.582660058077055,756,301,2,157,GALAXY,17.62009,15.90034,15.17048,14.81793,14.51153,0.01677898
1237659161202655521,243.725964762945,37.6038474863615,3187,301,1,126,GALAXY,17.87391,16.54261,15.8991,15.58695,15.30428,0.01620088
1237663783130562587,15.8079010671602,-0.71237171264669,4263,301,2,221,GALAXY,17.99212,16.34031,15.60665,15.22616,15.0822,0.0169473
1237663783130759380,16.2794044466845,-0.819472507524618,4263,301,2,224,GALAXY,19.26171,17.75154,17.06179,16.73709,16.48266,0.01773771
1237663783132987505,21.3428108394853,-0.644177558826371,4263,301,2,258,GALAXY,18.78348,17.28934,16.62318,16.2783,16.06879,0.01778691
1237663783133577457,22.710397180576,-0.749769400471302,4263,301,2,267,GALAXY,19.5396,17.92066,17.26476,16.97757,16.82464,0.01718708
1237667551415500929,156.434732057885,23.0414445013752,5140,301,5,38,GALAXY,17.44182,16.14195,15.48716,15.16904,14.93404,0.01792965
1237653009194614868,317.97942688278,11.3793946249178,1754,301,6,61,GALAXY,18.21062,16.41603,15.63744,15.21526,14.87124,0.01770023
1237666407378255975,21.9032253381648,-0.54618598012864,4874,301,2,567,GALAXY,18.26427,16.80517,16.13928,15.82755,15.59373,0.01863483
1237666407378714752,22.8599265684491,-0.454117569829655,4874,301,2,574,GALAXY,17.68737,16.0606,15.35511,15.0089,14.74899,0.01843679
1237678617410535616,343.268652103461,1.14446705956261,7717,301,1,218,GALAXY,17.38617,15.89548,15.23969,14.93436,14.70529,0.01542856
1237678617426788550,20.4387264929441,1.26506546652467,7717,301,1,466,GALAXY,19.3045,17.86914,17.173,16.85279,16.68731,0.01783181
1237678617426985167,20.8723772393906,1.21798736376983,7717,301,1,469,GALAXY,18.65925,17.27949,16.49138,16.1338,15.89323,0.01766607
1237657191981187126,5.1074279304392,0.826360837345114,2728,301,5,447,GALAXY,17.87573,16.68683,15.93769,15.5768,15.23002,0.01692081
1237658802039423085,190.755568096969,54.8960054157421,3103,301,4,178,GALAXY,18.00931,16.56632,15.89612,15.55086,15.27022,0.01614578
1237658802039554230,191.23630225642,54.9025352596297,3103,301,4,180,GALAXY,17.44851,15.877,15.23022,14.90596,14.67764,0.01652333
1237661873487610053,216.876975449527,40.9637941862347,3818,301,5,326,GALAXY,17.84378,16.31554,15.57714,15.11983,14.78141,0.01830162
1237661874024874020,218.167653839665,40.9542032819485,3818,301,6,332,GALAXY,17.88264,16.24352,15.52172,15.17073,14.90591,0.01808808
1237663547438924118,123.781775097167,52.5777218014595,4208,301,3,140,GALAXY,19.52587,17.91944,17.24348,16.93674,16.71472,0.01853173
1237663549056286868,142.04767052956,64.9344298821798,4208,301,6,243,GALAXY,17.53191,15.79521,15.20243,14.91452,14.6511,0.01735157
1237663716016717961,5.44087419243988,0.557591405446432,4247,301,5,145,GALAXY,18.90912,17.34648,16.66158,16.32671,16.06965,0.01779088
1237665566618484828,241.143166317361,14.9310904579458,4678,301,4,263,GALAXY,19.161,17.31037,16.64975,16.28763,16.0924,0.01567089
1237665567145721987,219.052027891838,21.8638312832316,4678,301,5,116,GALAXY,17.0064,15.71366,15.03891,14.69536,14.42911,0.01770529
1237665567154569517,239.464961635844,15.8443893033933,4678,301,5,251,GALAXY,19.2784,17.58667,16.97889,16.67718,16.47801,0.01557942
1237665567155421590,241.32709476349,15.166318212184,4678,301,5,264,GALAXY,17.84159,16.14821,15.40038,15.03612,14.77983,0.0160129
1237668625704485109,203.488914638031,17.7139851580605,5390,301,6,195,GALAXY,18.40149,16.40853,15.6954,15.37373,15.20814,0.01583675
1237655347818397807,238.881327997839,47.6773441029718,2299,301,2,276,GALAXY,19.19432,17.56355,16.88298,16.56264,16.34359,0.01832484
1237658206122999911,188.039684855039,51.0390880230917,2964,301,6,335,GALAXY,18.35582,16.42134,15.74729,15.37432,15.04962,0.0179892
1237658206123982879,191.670630807259,51.0393368743691,2964,301,6,350,GALAXY,17.41429,15.94927,15.14934,14.76463,14.41527,0.01577906
1237661416596046002,189.79227691831,56.6712915171484,3712,301,2,106,GALAXY,17.50876,16.00715,15.26746,14.88897,14.58911,0.01574884
1237668332574343543,242.066972480706,10.1086772204444,5322,301,4,216,GALAXY,18.13573,16.62977,15.9779,15.64412,15.38426,0.01571612
1237668336860725798,241.110248291015,14.7570620566036,5323,301,4,85,GALAXY,17.86869,16.31525,15.54165,15.1548,14.83125,0.01737614
1237668336860791015,241.110527477617,14.7221764556053,5323,301,4,86,GALAXY,19.08278,17.4703,16.76042,16.42944,16.18328,0.0155356
1237648722833178812,161.344744158962,1.12438795329666,756,301,6,304,GALAXY,17.64629,16.37695,15.78589,15.47476,15.13671,0.01640346
1237658203986657414,223.636446419247,42.3854425487333,2964,301,2,505,GALAXY,17.84023,16.11442,15.37555,15.01275,14.73466,0.01845371
1237658204499411196,145.997067375255,42.6328671500725,2964,301,3,137,GALAXY,17.92891,16.46726,15.75726,15.38693,15.09273,0.01838154
1237663917339771056,119.237397885005,52.6669289963886,4294,301,4,91,GALAXY,17.49501,15.84281,15.121,14.75446,14.4969,0.01860435
1237665570364588084,243.940079335509,54.6712077112605,4679,301,3,80,GALAXY,19.10558,17.5282,16.80924,16.46133,16.29132,0.01723362
1237659132214378734,233.06624495546,43.6293426377169,3180,301,3,168,GALAXY,18.09357,16.62018,15.92247,15.57469,15.31425,0.01834725
1237659132751118572,232.941328774598,44.1081202746765,3180,301,4,166,GALAXY,18.93712,17.51566,16.89122,16.58273,16.41681,0.01844991
1237659132751577349,234.027937469254,43.407286032653,3180,301,4,173,GALAXY,18.89029,17.34746,16.69127,16.37022,16.16939,0.01746326
1237662307799400583,213.38969611573,39.8849321866302,3919,301,6,70,GALAXY,17.23796,15.69456,15.0029,14.59951,14.28494,0.01849816
1237665329857953877,199.976475250121,31.2349606410703,4623,301,3,256,GALAXY,17.98276,16.32596,15.71479,15.40846,15.17985,0.01853696
1237665330395218003,201.139450236371,31.6715149070076,4623,301,4,262,GALAXY,17.42743,15.99276,15.43932,15.15976,14.92594,0.01566409
1237668271365750941,212.277886264617,17.4884937416382,5308,301,2,135,GALAXY,18.85438,17.29142,16.59797,16.28074,16.05898,0.01643841
1237668271365750997,212.293826550065,17.2915784957526,5308,301,2,135,GALAXY,18.47176,16.97262,16.28484,15.9254,15.67416,0.01685431
1237668271365881929,212.548238427031,17.3755915017186,5308,301,2,137,GALAXY,19.53489,18.06236,17.42027,17.11829,16.93884,0.01808589
1237668271902687395,212.441633950472,17.8187488822788,5308,301,3,136,GALAXY,19.13631,17.75756,17.07904,16.78191,16.5819,0.01822782
1237658205061447738,226.989270429516,41.9023558286958,2964,301,4,521,GALAXY,17.81273,16.40555,15.80267,15.50368,15.24656,0.01686075
1237663204918755451,10.5156620972145,0.718985659075903,4128,301,5,193,GALAXY,18.82209,17.30687,16.65643,16.35612,16.15779,0.01788323
1237663204923211833,20.6675058462428,0.721158223407073,4128,301,5,261,GALAXY,17.85183,16.16568,15.37802,14.92436,14.63218,0.01785018
1237663204923277444,20.8549045855708,0.75527460300981,4128,301,5,262,GALAXY,17.61796,16.13061,15.42671,15.07278,14.79561,0.01737017
1237664091822883129,125.315764066928,21.4478339132084,4335,301,1,92,GALAXY,17.93562,16.38447,15.69958,15.35658,15.11492,0.01653046
1237664092896035274,123.558718724131,21.4357206958117,4335,301,3,83,GALAXY,17.84873,16.30198,15.61643,15.27385,15.01895,0.01585581
1237666184023703919,336.183883892287,12.3613067672509,4822,301,2,319,GALAXY,17.25444,15.82575,15.13151,14.82246,14.48083,0.01710228
1237667443512115311,195.646561584546,27.4394408127028,5115,301,4,155,GALAXY,17.52729,15.98557,15.42966,15.14898,15.00524,0.01806066
1237667444048592912,194.721057338949,27.8134254983291,5115,301,5,149,GALAXY,18.05827,16.2947,15.53499,15.17616,14.86972,0.01842033
1237667444048658449,194.844255402196,27.8968728016878,5115,301,5,150,GALAXY,17.64028,15.93728,15.17163,14.8039,14.57256,0.01718794
1237667444048658763,194.882884254824,27.8612970267337,5115,301,5,150,GALAXY,19.18763,17.64141,16.94759,16.62559,16.38204,0.01554677
1237667444048723991,195.078230394988,27.9370369750511,5115,301,5,151,GALAXY,17.75994,16.06983,15.40729,15.07358,14.84249,0.01761597
1237667444048723996,195.01561298036,27.964705679981,5115,301,5,151,GALAXY,19.07107,17.17406,16.37218,16.01248,15.90234,0.01777885
1237667444048724291,195.077385694626,27.8155227011552,5115,301,5,151,GALAXY,18.68724,16.92014,16.20665,15.8955,15.63983,0.01788985
1237667444048724303,195.090288097237,27.8985384860965,5115,301,5,151,GALAXY,18.96588,17.29885,16.61588,16.2934,16.03347,0.01625898
1237667444049051802,195.974321567418,27.821955718637,5115,301,5,156,GALAXY,19.35182,17.8442,17.14584,16.79252,16.58377,0.01655121
1237657873794138137,146.031467002487,42.4305115680122,2887,301,3,247,GALAXY,17.49597,15.79638,15.06444,14.70155,14.42705,0.01667833
1237661354318102688,185.779159121206,58.3726172839533,3697,301,6,92,GALAXY,19.0587,17.43752,16.76999,16.42011,16.21964,0.01597787
1237661434856472633,220.640637145721,41.8293414211488,3716,301,4,210,GALAXY,18.19381,16.37386,15.58518,15.22343,14.93444,0.01826881
1237664836462248465,125.06237228458,21.0600768651032,4508,301,4,83,GALAXY,19.65339,18.02819,17.28216,16.91776,16.68334,0.01662069
1237664836462313526,125.184396187076,21.1296441758023,4508,301,4,84,GALAXY,18.88077,17.11732,16.38224,16.00738,15.71611,0.0156621
1237664836462313701,125.279217808464,21.1713295028974,4508,301,4,84,GALAXY,17.60907,16.03782,15.32837,14.97402,14.7458,0.01624269
1237664836462313734,125.143731673981,21.1054880020983,4508,301,4,84,GALAXY,18.36227,16.69796,16.00918,15.65974,15.41726,0.01686381
1237664836462510497,125.649795852438,21.464998104003,4508,301,4,87,GALAXY,19.05495,17.52608,16.88024,16.53244,16.30773,0.01590996
1237678877783556616,322.121241274119,10.0812192805471,7777,301,6,75,GALAXY,18.17419,16.64504,16.11097,15.83294,15.62134,0.01644339
1237656494577483828,1.58171045420409,14.3274397969629,2566,301,2,319,GALAXY,17.94333,16.29837,15.59103,15.24619,14.9775,0.01817357
1237656495645524125,348.094558060461,14.50630393277,2566,301,4,232,GALAXY,18.27969,16.74479,16.0957,15.7711,15.57739,0.0166204
1237656495645524138,348.098976239068,14.5468658111124,2566,301,4,232,GALAXY,17.57335,15.94521,15.23624,14.91028,14.66916,0.01576062
1237659119866282166,233.913985018929,43.4259815066658,3177,301,4,167,GALAXY,18.47954,16.93774,16.29635,15.96865,15.8001,0.01790511
1237664673255391309,202.788451146514,36.190351742394,4470,301,4,112,GALAXY,17.908,16.22368,15.45154,15.0309,14.73322,0.01850321
1237652944231072289,317.879200439242,11.1439248590898,1739,301,5,28,GALAXY,17.30346,15.61816,14.8885,14.53285,14.26303,0.01691805
1237652944767746204,317.43009972181,11.3552627435742,1739,301,6,25,GALAXY,18.04104,16.54218,15.85253,15.50315,15.28726,0.01694573
1237652944767812034,317.502196729728,11.5106326344028,1739,301,6,26,GALAXY,17.75186,15.93869,15.12362,14.69862,14.37419,0.01676523
1237652946379472993,3.05172680866659,-11.0029077859808,1740,301,1,42,GALAXY,19.54681,17.97953,17.33016,17.02989,16.87297,0.01782639
1237652946379866233,3.93194376324455,-10.8384608159303,1740,301,1,48,GALAXY,18.05919,15.93454,15.57623,15.34998,15.52216,0.01733305
1237657628432334888,120.221694060135,28.1303867627498,2830,301,2,67,GALAXY,17.11596,15.56132,14.90523,14.57708,14.33842,0.01706279
1237657628442755233,143.170697719872,43.2009935653875,2830,301,2,226,GALAXY,18.53726,17.18633,16.4459,16.0346,15.64472,0.01764259
1237660764307783796,146.549821048418,37.7715907883127,3560,301,3,257,GALAXY,18.61517,16.96866,16.25095,15.89808,15.5695,0.01727691
1237665549974765675,241.399362906375,16.5262136898586,4674,301,5,252,GALAXY,17.16514,15.69654,14.97089,14.58403,14.28305,0.01553899
1237665566081810497,241.405072175341,14.411470510763,4678,301,3,266,GALAXY,17.94046,16.40566,15.72553,15.39778,15.12651,0.01620488
1237654383050555641,134.036874856766,51.2307757994974,2074,301,5,111,GALAXY,17.56496,16.05072,15.43956,15.13085,14.88513,0.01692454
1237654383050621189,134.355501930246,51.2198088466776,2074,301,5,112,GALAXY,19.39248,17.82793,17.14086,16.82577,16.61293,0.01641683
1237654383587492024,133.760307474632,51.5987002766873,2074,301,6,112,GALAXY,18.12895,16.43498,15.72323,15.38096,15.12499,0.01739143
1237654383587557645,134.088287698453,51.6638131870796,2074,301,6,113,GALAXY,17.72261,16.18245,15.50164,15.15426,14.91603,0.01646088
1237654390562095492,113.619019010124,31.5190294177781,2076,301,3,40,GALAXY,17.72966,16.17617,15.50448,15.16939,14.92156,0.01666594
1237667255600021957,120.759651371827,15.3180397751388,5071,301,6,44,GALAXY,19.77306,17.87146,17.22751,16.87944,16.63056,0.01544406
1237671142019956753,178.046761373126,4.35652379422081,5976,301,5,218,GALAXY,17.83678,16.2274,15.54347,15.20559,14.9646,0.01768279
1237678890666557497,21.5225170275656,-1.36510915754061,7780,301,6,46,GALAXY,19.22591,17.81872,17.10841,16.74639,16.50431,0.01721429
1237657874868666511,147.801754450685,44.0093109457277,2887,301,5,259,GALAXY,18.10818,16.6713,15.85802,15.47777,15.11035,0.01571097
1237664819291685053,195.167344791242,37.3920537363194,4504,301,4,225,GALAXY,18.32616,16.8166,16.22476,15.94283,15.72408,0.01641711
1237670957326729315,28.136802214508,-8.43297584998394,5933,301,5,71,GALAXY,18.13794,16.50141,15.81932,15.47532,15.22943,0.01756251
1237670957326729337,28.1663127384933,-8.42309169866399,5933,301,5,71,GALAXY,19.58635,18.10569,17.42721,17.115,16.95037,0.01774785
1237657630578442637,116.553531146966,26.9230095496822,2830,301,6,46,GALAXY,18.63157,17.00184,16.42787,16.13716,15.96406,0.01573153
1237661070334951595,180.283462972656,15.3982369328456,3631,301,5,421,GALAXY,17.41331,15.86546,15.1934,14.84807,14.60183,0.0172285
1237661082125730090,49.5910025384393,40.154871353191,3634,301,3,110,GALAXY,17.40916,15.56316,14.77055,14.39715,14.10619,0.01694419
1237661082662863113,50.5431778834567,40.2457555544258,3634,301,4,114,GALAXY,17.11655,15.46256,14.77255,14.4324,14.17373,0.01640271
1237664295835533495,209.403204013496,38.1898546045871,4382,301,5,118,GALAXY,19.57686,18.11024,17.43624,17.10869,16.88445,0.01819112
1237667142858179048,120.418027003195,15.6447546052906,5045,301,4,60,GALAXY,17.6556,16.22935,15.58538,15.25197,15.03672,0.01655241
1237667143395312082,120.757233720516,16.3316863957123,5045,301,5,64,GALAXY,16.9998,15.69619,15.05157,14.70566,14.40149,0.01538813
1237670965918826676,131.73926116453,12.8841329652723,5935,301,5,104,GALAXY,19.26785,17.57916,17.07436,16.84307,16.72828,0.01616276
1237653653447245989,3.87516167193735,16.074931562683,1904,301,6,176,GALAXY,19.51078,17.93877,17.29078,16.97848,16.69697,0.01748954
1237653664180666637,139.925586816628,1.32582243566527,1907,301,2,115,GALAXY,18.19312,16.89525,16.2304,15.89398,15.65699,0.01649534
1237661064950972673,144.636120238154,9.52095690824378,3630,301,3,188,GALAXY,17.99921,16.5812,15.79362,15.40154,15.01782,0.01861119
1237667735594139714,213.306376373445,20.4238211345255,5183,301,4,525,GALAXY,18.33488,16.6923,16.01124,15.69721,15.54244,0.01676608
1237667735595909320,217.457056362593,19.6507476849665,5183,301,4,552,GALAXY,18.05431,16.53871,15.76736,15.38428,15.07272,0.01863411
1237648705656914132,197.332295717102,0.883703201622105,752,301,6,359,GALAXY,19.21694,17.55421,16.88091,16.56194,16.31811,0.01846604
1237652900771725507,54.397501020953,-6.49587271526759,1729,301,4,443,GALAXY,17.88815,16.33663,15.6455,15.31746,15.07188,0.01792077
1237652901293785119,20.4171496438349,-9.16416354579268,1729,301,5,217,GALAXY,18.34462,16.60718,15.95489,15.62021,15.38291,0.01841301
1237652901296930912,27.6602045044364,-8.64336362413849,1729,301,5,265,GALAXY,17.91039,16.41555,15.74055,15.41184,15.17283,0.01718991
1237652901306105973,48.6705147211469,-6.77624133261534,1729,301,5,405,GALAXY,17.27528,15.60074,14.85544,14.46988,14.22145,0.01846503
1237659327098716356,238.44857532078,47.404965636078,3225,301,6,171,GALAXY,17.8601,16.48124,15.87396,15.57784,15.35073,0.01856014
1237663542609641751,331.233082926694,-0.597622924530556,4207,301,2,179,GALAXY,18.99482,17.56519,16.94121,16.63399,16.39825,0.01588425
1237665429172519034,217.944821669146,26.2734353082579,4646,301,4,156,GALAXY,18.06679,16.50285,15.8141,15.4971,15.26014,0.01551864
1237665429175271639,224.65192709212,24.3779675702694,4646,301,4,198,GALAXY,18.04872,16.30971,15.63306,15.27062,14.91833,0.01736404
1237665440442417243,195.790981249344,28.4896063172504,4649,301,1,89,GALAXY,19.04966,17.6459,16.99097,16.67006,16.40498,0.01798145
1237665440979550284,196.526871935294,28.7017643622506,4649,301,2,93,GALAXY,18.14923,16.73044,16.14279,15.83898,15.61412,0.01854661
1237668297678586014,212.367558828384,17.6621849627709,5314,301,3,229,GALAXY,18.04238,16.33897,15.63512,15.30214,15.04072,0.0180566
1237668297678586050,212.410625847137,17.6100278130224,5314,301,3,229,GALAXY,18.93748,17.35315,16.66336,16.34954,16.12108,0.0185059
1237668297678651611,212.416540998497,17.495021386319,5314,301,3,230,GALAXY,19.12203,17.37923,16.65952,16.3378,16.08862,0.01794668
1237668298741579808,186.417262801558,20.5284696552353,5314,301,5,65,GALAXY,17.58444,15.95511,15.07316,14.73158,14.50843,0.01828936
1237661068709331117,145.254797395338,10.9450290132331,3631,301,2,192,GALAXY,18.37728,16.96119,16.28813,15.94401,15.66066,0.01851752
1237661068712476861,152.525765758858,12.0373023121113,3631,301,2,240,GALAXY,17.69291,16.12943,15.44141,15.09873,14.80799,0.018233
1237663789029130582,118.266539485505,52.7431987405974,4264,301,5,114,GALAXY,18.56844,16.90649,16.17187,15.81309,15.52966,0.01846192
1237663789029458168,118.594914533018,53.377260999044,4264,301,5,119,GALAXY,18.74104,17.20844,16.53574,16.22285,15.93775,0.01813921
1237665226774544582,201.061539755072,31.4611517816137,4599,301,3,192,GALAXY,19.22975,17.76845,17.11899,16.84379,16.64117,0.01602329
1237665226775592996,203.770362118801,31.0115723024418,4599,301,3,208,GALAXY,17.44184,16.14062,15.39924,15.0733,14.73967,0.0165599
1237667781196775896,121.035483887046,8.99228999424928,5194,301,1,46,GALAXY,18.70468,17.17431,16.46813,16.14775,15.96461,0.01545712
1237667781733384563,120.393708156923,9.30484657353764,5194,301,2,42,GALAXY,18.23366,16.68536,15.99532,15.66053,15.44674,0.01531348
1237678596462739488,320.826360201967,1.25506704242995,7712,301,2,68,GALAXY,16.98936,15.77367,15.02416,14.65446,14.27328,0.01820921
1237678596462739488,320.826360201967,1.25506704242995,7712,301,2,68,GALAXY,16.98936,15.77367,15.02416,14.65446,14.27328,0.01790388
1237674649922437276,165.638712101922,-0.291019275045744,6793,301,3,34,GALAXY,17.60887,16.04406,15.33257,14.98492,14.69447,0.01724125
1237674649922764909,166.414749693457,-0.400006942938923,6793,301,3,39,GALAXY,17.53333,16.255,15.5711,15.23154,14.87894,0.01707291
1237653650772787408,27.2605535408057,12.9275178466125,1904,301,1,327,GALAXY,17.41293,15.77642,15.04542,14.67849,14.42169,0.01737405
1237653650772852748,27.3289258883786,13.0478021517734,1904,301,1,328,GALAXY,18.49858,16.81119,16.01838,15.63326,15.35037,0.01781302
1237653650772853193,27.3471435613906,12.956090609221,1904,301,1,328,GALAXY,19.30576,17.55466,16.89879,16.56197,16.40501,0.01788499
1237653650772853247,27.3964737157663,13.008392330723,1904,301,1,328,GALAXY,19.61723,17.82983,17.17176,16.82401,16.64558,0.01821128
1237653650772918395,27.4743572919257,12.9760546069216,1904,301,1,329,GALAXY,18.55255,16.78842,16.0398,15.67993,15.42009,0.01564876
1237653651309658215,27.2213758673796,13.4239420678228,1904,301,2,327,GALAXY,18.05701,16.58755,15.86927,15.53195,15.28094,0.01554217
1237653651309723760,27.3234597217131,13.4666522368252,1904,301,2,328,GALAXY,19.07566,17.59988,16.90901,16.58331,16.3545,0.01663708
1237653651309723856,27.3346241914757,13.2985639355202,1904,301,2,328,GALAXY,19.06168,17.38751,16.74611,16.42952,16.25069,0.01705513
1237662199888871628,215.503908663353,11.3805587921257,3894,301,5,78,GALAXY,18.89551,17.41988,16.79605,16.50581,16.3152,0.01646915
1237663785276604614,12.4670802975147,0.963319265948951,4263,301,6,199,GALAXY,17.17625,15.89175,15.26813,14.83689,14.37569,0.01539002
1237663785278505085,16.8275797746077,0.934213238677723,4263,301,6,228,GALAXY,20.31159,18.1228,17.42145,17.12191,16.96991,0.01803367
1237663785278505225,16.8475941688157,0.892710390098114,4263,301,6,228,GALAXY,18.29285,16.67374,15.93177,15.54509,15.25775,0.01848736
1237663785278505260,16.8813684783679,0.889749457383286,4263,301,6,228,GALAXY,18.16087,16.52888,15.81514,15.47848,15.23514,0.0176761
1237665532785721565,214.391160124909,25.1144574241452,4670,301,5,112,GALAXY,17.73689,16.25617,15.6063,15.26444,14.99963,0.01717068
1237668272976232635,212.239244684008,18.6983372511419,5308,301,5,133,GALAXY,19.42851,17.94891,17.3446,17.04081,16.83738,0.01636966
1237651311610298469,263.82740527924,56.6972833932613,1359,301,4,84,GALAXY,16.99348,15.76308,15.10093,14.74739,14.40471,0.0156441
1237662696502657253,242.834430276575,21.242080255426,4010,301,2,203,GALAXY,18.16248,16.4984,15.66808,15.22682,14.8545,0.01598907
1237664104704639120,149.618203496752,11.3025663375478,4338,301,1,44,GALAXY,18.7613,17.25264,16.56518,16.24009,15.99824,0.01775011
1237664105240002638,146.035538367255,11.2541283147799,4338,301,2,21,GALAXY,17.88859,16.12792,15.32014,14.8907,14.5663,0.01724466
1237657775534178328,117.177473337375,26.5397688946346,2864,301,4,55,GALAXY,18.15898,16.81071,16.1739,15.8862,15.62912,0.01549638
1237665025982922920,196.416804453217,35.2457758291185,4552,301,5,163,GALAXY,18.33928,16.97384,16.33933,16.01385,15.79678,0.01585782
1237667323261157385,195.655638946037,27.1761404681539,5087,301,4,279,GALAXY,17.53884,15.75491,14.98231,14.59402,14.27896,0.01829657
1237667323797569737,194.579922745252,27.7620674876368,5087,301,5,272,GALAXY,18.16644,16.59179,15.90563,15.55431,15.29329,0.01818292
1237667323797766302,195.043379377926,27.5949975652798,5087,301,5,275,GALAXY,17.90278,16.29341,15.55962,15.20899,14.94345,0.01865591
1237667323797831757,195.148647783798,27.5742246050628,5087,301,5,276,GALAXY,17.59817,15.85055,15.10088,14.71378,14.41843,0.01699532
1237667323797897365,195.451200492897,27.7284454146125,5087,301,5,277,GALAXY,19.70798,18.10915,17.45634,17.13856,16.9492,0.01828631
1237667324334243849,193.999778775217,28.1869473587921,5087,301,6,269,GALAXY,18.02919,16.29228,15.5626,15.19185,14.89297,0.01867495
1237667324334637213,195.128978885372,28.1083941339631,5087,301,6,275,GALAXY,19.4155,17.86269,17.19275,16.82845,16.62045,0.01728046
1237667324334768368,195.396838743459,28.1469487045078,5087,301,6,277,GALAXY,19.17738,17.5766,16.98576,16.68521,16.45541,0.01759234
1237667324334833783,195.533970497546,28.1510265057173,5087,301,6,278,GALAXY,19.34001,17.81381,17.16196,16.85042,16.58695,0.01637006
1237654879650840710,186.430160173838,4.41816930771432,2190,301,2,30,GALAXY,17.59406,15.95075,15.21336,14.81824,14.50206,0.01783613
1237661125073502520,122.55073233831,22.7722883063804,3644,301,3,81,GALAXY,17.96576,16.55413,15.87263,15.53696,15.31374,0.01559374
1237654380903530662,137.11529740103,50.5641370732905,2074,301,1,118,GALAXY,18.96777,17.43278,16.81784,16.49049,16.28534,0.01603045
1237657591933894766,184.456139418029,56.2456240840799,2821,301,6,201,GALAXY,18.1751,16.79851,16.17814,15.87626,15.64719,0.01645732
1237657595681833298,114.457960286628,28.6529143653588,2822,301,5,46,GALAXY,18.80035,17.21297,16.65287,16.373,16.18489,0.01578349
1237657595681964144,114.610289436278,28.9631106355914,2822,301,5,48,GALAXY,17.18403,15.69886,14.94303,14.56273,14.2763,0.01578745
1237660670346985714,137.022477706262,8.51067525692653,3538,301,4,129,GALAXY,17.5933,16.1317,15.39028,15.01864,14.65668,0.01815467
1237660670350131246,144.259736361294,9.53998641975847,3538,301,4,177,GALAXY,17.99436,16.40275,15.70811,15.29234,15.01321,0.01852265
1237660670352490743,149.748277676168,10.3788809879015,3538,301,4,213,GALAXY,19.37963,17.58528,16.93024,16.62259,16.44974,0.01843598
1237662225143103619,190.548371461992,39.9764751655225,3900,301,4,403,GALAXY,17.79151,16.48063,15.81514,15.47002,15.16883,0.01824605
1237663783667433571,15.7245147309601,-0.319701194763293,4263,301,3,221,GALAXY,18.60383,16.92368,16.24339,15.89508,15.62582,0.0181988
1237663783668482333,18.1487385493068,-0.414630917958059,4263,301,3,237,GALAXY,18.86808,17.28004,16.6295,16.31236,16.06866,0.01779974
1237663783668613246,18.555568981542,-0.283958278240182,4263,301,3,239,GALAXY,17.81662,16.24065,15.63963,15.28918,15.06595,0.01793556
1237663783669858388,21.2753842444502,-0.408671985926089,4263,301,3,258,GALAXY,19.1394,17.6685,17.0568,16.76553,16.53899,0.01626029
1237663783670055032,21.7647734991607,-0.256681242171183,4263,301,3,261,GALAXY,18.72635,17.28946,16.7004,16.37309,16.17549,0.01775743
1237663783671300257,24.678726976887,-0.348058608089618,4263,301,3,280,GALAXY,18.68012,17.06289,16.34128,15.99453,15.7319,0.01695847
1237667912206254118,191.035940432477,25.4161721410704,5224,301,5,244,GALAXY,17.89701,16.21878,15.48775,15.13617,14.86726,0.01738691
1237673808118284907,121.658872536836,18.9783112886396,6597,301,3,178,GALAXY,20.61526,17.96003,17.40054,17.35037,17.71153,0.0155217
1237673808120447317,126.617055605514,20.7219185589397,6597,301,3,211,GALAXY,17.61889,15.92987,15.19105,14.85552,14.61241,0.01595131
1237673808657121890,126.017637709334,21.0118692563657,6597,301,4,208,GALAXY,17.8029,16.21944,15.54234,15.21246,14.97374,0.01549544
1237651752919826624,141.686349579045,1.15429516152879,1462,301,2,109,GALAXY,17.62787,15.8766,15.04699,14.58002,14.22898,0.01693779
1237651752940798202,189.59226384051,1.6791664570499,1462,301,2,429,GALAXY,17.66884,15.96234,15.25948,14.89853,14.62159,0.01632787
1237660634917634141,145.822298449042,39.5389706357379,3530,301,2,192,GALAXY,18.81489,17.16669,16.58149,16.292,16.13046,0.0184571
1237662193461297250,210.218826804914,38.7249323434536,3893,301,1,305,GALAXY,19.08419,17.55284,16.83376,16.48964,16.24045,0.01859938
1237662193461297276,210.307768258225,38.6913245959492,3893,301,1,305,GALAXY,19.24827,17.47803,16.72608,16.37159,16.10529,0.01809062
1237662193461362704,210.430421850639,38.6699442550479,3893,301,1,306,GALAXY,18.17207,16.38453,15.64788,15.29195,15.03763,0.01806686
1237662193461362786,210.460257986441,38.7188222989988,3893,301,1,306,GALAXY,17.71271,16.10657,15.43278,15.09688,14.8765,0.01799899
1237674370754609492,125.557765703156,20.7421763406972,6728,301,3,111,GALAXY,18.96811,17.47434,16.81159,16.50786,16.24527,0.01638857
1237656496725950654,4.00497396191884,16.0259583344906,2566,301,6,334,GALAXY,17.54094,15.88728,15.14505,14.78897,14.53743,0.01805616
1237661849846546466,148.551794732664,37.6902256809819,3813,301,1,40,GALAXY,17.8739,16.49246,15.70856,15.31944,14.97587,0.01712167
1237662637449805932,241.435722673512,8.84553491693376,3996,301,4,248,GALAXY,18.26297,16.65951,15.85578,15.48977,15.37828,0.01542375
1237652900234723636,54.2383184141958,-6.81335350019347,1729,301,3,441,GALAXY,17.64219,16.26972,15.66043,15.33464,15.09405,0.01802304
1237663530795139266,121.875933148653,51.2938335920761,4204,301,4,128,GALAXY,17.62238,16.20174,15.57679,15.21887,14.92542,0.0182367
1237663530795925785,123.442652981157,52.8654373191533,4204,301,4,140,GALAXY,18.21259,16.60511,15.99551,15.69783,15.49306,0.01829949
1237665547820335337,225.090742748294,20.5055675496526,4674,301,1,146,GALAXY,18.00839,16.54566,15.76417,15.40338,15.09968,0.01672008
1237665549437501720,240.409900016751,16.6108788815826,4674,301,4,246,GALAXY,20.36449,17.5448,17.19024,17.1046,17.17771,0.01552158
1237679542974611614,30.1027104707393,21.1158809536539,7932,301,5,197,GALAXY,18.80539,18.48154,17.07454,16.39548,16.03559,0.01574217
1237653651846398146,27.0203363998211,13.8007570448696,1904,301,3,325,GALAXY,17.53832,16.14106,15.49667,15.18988,14.94035,0.01702657
1237657857137246400,147.493609048652,46.3405784734958,2883,301,4,35,GALAXY,18.31221,17.09738,16.37949,16.03362,15.68495,0.01542349
1237661088030195907,124.05719316941,25.0761968321784,3635,301,6,93,GALAXY,19.04659,17.53546,17.14779,16.9671,16.32382,0.01561363
1237661121314291919,49.2479648290389,40.6699850650919,3643,301,4,64,GALAXY,17.79345,15.86839,15.18384,14.77604,14.5337,0.01839729
1237661121850704905,48.4927533247023,41.5585830686931,3643,301,5,57,GALAXY,17.40405,15.58663,14.8039,14.42594,14.123,0.0185237
1237661121851556941,50.61946957608,40.4260901259345,3643,301,5,70,GALAXY,18.81544,17.28862,16.59445,16.23967,16.00668,0.01594098
1237661122388034402,49.9066992302963,41.3800473541336,3643,301,6,64,GALAXY,18.04419,16.15747,15.43007,15.05224,14.7607,0.01836348
1237663479263133914,343.26313744849,0.0444617207369897,4192,301,4,244,GALAXY,18.60442,17.00478,16.38658,16.09486,15.89091,0.01626121
1237653614256783498,133.889745104437,51.4585010769651,1895,301,5,193,GALAXY,17.77825,16.20652,15.50569,15.16802,14.93648,0.01653163
1237653614256783519,134.042491496437,51.3837900339205,1895,301,5,193,GALAXY,19.48121,17.81025,17.10455,16.77593,16.57356,0.01610428
1237657189818761679,331.036553606861,-0.925740267982125,2728,301,1,219,GALAXY,19.34112,17.56384,17.03397,16.74048,16.71894,0.01609687
1237657189840912571,21.5989134942301,-0.938771210076928,2728,301,1,557,GALAXY,17.60546,16.03436,15.36942,15.05401,14.77997,0.01763825
1237667322723958937,194.82616113055,26.8898689261211,5087,301,3,274,GALAXY,19.29307,17.89828,17.26563,16.94984,16.75786,0.018254
1237667322726187098,200.395485125572,26.3046655878263,5087,301,3,308,GALAXY,17.20298,15.85544,15.0882,14.71359,14.36987,0.01651741
1237667323260633183,194.308617216578,27.2537479879091,5087,301,4,271,GALAXY,19.39991,17.76269,17.04132,16.73677,16.46682,0.01747906
1237667323260698686,194.485514452773,27.3822883973786,5087,301,4,272,GALAXY,19.08025,17.41442,16.71332,16.39776,16.11005,0.01738534
1237649918971019456,27.3869923789826,13.1451589988714,1035,301,2,143,GALAXY,19.52696,17.87892,17.17705,16.82832,16.6113,0.0167997
1237649918971084821,27.4754741897681,13.126662184591,1035,301,2,144,GALAXY,18.71409,16.90851,16.20966,15.87395,15.62414,0.01703279
1237649918971084957,27.5652969566503,13.1407992101015,1035,301,2,144,GALAXY,19.37724,17.71518,16.90293,16.51789,16.19508,0.0160721
1237649919500419222,9.909660553246,14.6642325667348,1035,301,3,29,GALAXY,17.40573,15.88062,15.0315,14.59262,14.15033,0.01742386
1237649920037486741,10.2983281648054,15.0526983066797,1035,301,4,32,GALAXY,17.62168,16.35967,15.66698,15.29611,15.01891,0.01688239
1237658492261630183,139.241608937509,6.71507741302743,3031,301,3,128,GALAXY,18.09643,16.51926,15.81089,15.48,15.21154,0.018582
1237664834849603964,121.579724689346,17.5947488466224,4508,301,1,52,GALAXY,17.81578,16.20766,15.52466,15.19595,14.91647,0.0163688
1237664835925573867,125.631104448647,20.9678945947089,4508,301,3,86,GALAXY,17.86438,16.27518,15.55297,15.19256,14.9389,0.01557882
1237664835925836092,126.18647955339,21.3429517454493,4508,301,3,90,GALAXY,17.87487,16.39437,15.71796,15.4,15.15375,0.01642233
1237667252930347140,155.01525994003,25.5717332695097,5071,301,1,268,GALAXY,18.72023,17.39437,16.69653,16.33502,16.02686,0.01810709
1237654653104685147,134.219311788178,47.9898971336964,2137,301,4,234,GALAXY,18.36284,16.64527,15.83804,15.39794,15.0388,0.01788575
1237661055281529139,49.1546377561941,41.789265232571,3628,301,1,100,GALAXY,17.73152,15.94618,15.14341,14.7558,14.46414,0.0178805
1237661055281856927,50.072450372141,41.34893080365,3628,301,1,105,GALAXY,17.31709,15.53192,14.71671,14.3403,14.02033,0.01719919
1237661055281857673,49.979897820705,41.1726324612579,3628,301,1,105,GALAXY,18.56058,16.87697,16.1679,15.84828,15.60749,0.01634998
1237661055281988410,50.3391547714695,41.0246258201789,3628,301,1,107,GALAXY,17.70554,16.06923,15.35761,15.01798,14.79844,0.01818978
1237661055818465917,49.6969855145771,41.9806120446948,3628,301,2,101,GALAXY,17.13249,15.46988,14.74978,14.41124,14.12851,0.0174931
1237661055818662522,50.1916426157601,41.7349372590753,3628,301,2,104,GALAXY,17.22379,15.38211,14.59949,14.21224,13.92419,0.01783839
1237661055818990638,50.9622598027152,41.2827052759158,3628,301,2,109,GALAXY,17.29272,15.48072,14.71785,14.34691,14.05994,0.01695414
1237661056355533240,50.4285451333377,42.0475495498722,3628,301,3,104,GALAXY,18.45596,16.77197,16.04488,15.68001,15.44561,0.01821254
1237661056355533977,50.4257847531576,42.0984227637665,3628,301,3,104,GALAXY,17.34604,15.67749,14.93911,14.5862,14.29614,0.01846567
1237661056355664912,50.6918648366703,41.833089380956,3628,301,3,106,GALAXY,17.13773,15.41612,14.66758,14.32073,14.04192,0.01576234
1237661056355861288,51.1412815521373,41.609468382209,3628,301,3,109,GALAXY,17.51354,15.72398,14.919,14.52385,14.2675,0.01729418
1237661059574137359,49.5545783717589,41.8025113837332,3629,301,1,64,GALAXY,19.0468,17.46537,16.87619,16.67804,16.37446,0.01612693
1237661059574269233,49.7588315429406,41.6199281627887,3629,301,1,66,GALAXY,17.79258,16.00173,15.20789,14.84126,14.55508,0.01850964
1237661059574334013,49.9705060262728,41.6087855128691,3629,301,1,67,GALAXY,17.69986,15.9492,15.21926,14.86439,14.61431,0.01852722
1237661059574530716,50.2869381053616,41.2530385705908,3629,301,1,70,GALAXY,17.60193,15.80582,15.02604,14.65236,14.38237,0.01620791
1237661059574531029,50.4849246036073,41.2983642796027,3629,301,1,70,GALAXY,18.52188,16.71444,15.98779,15.68766,15.43556,0.01634082
1237661059574596006,50.5828639706062,41.1480558524049,3629,301,1,71,GALAXY,17.55071,15.70426,14.94442,14.59302,14.48972,0.01654751
1237661059574727887,50.8952178591798,40.9529823482827,3629,301,1,73,GALAXY,17.48035,15.67665,14.93225,14.58107,14.31074,0.01720256
1237661060111138987,50.1068904570071,42.070353857748,3629,301,2,66,GALAXY,18.17565,16.47654,15.74691,15.43036,15.15187,0.01564927
1237661060111467604,50.985720581235,41.6383223148305,3629,301,2,71,GALAXY,17.98937,16.14884,15.38533,15.02,14.77278,0.01693556
1237661060647617563,49.3518194006301,42.8818294066288,3629,301,3,60,GALAXY,17.60157,15.90333,15.15459,14.81239,14.54758,0.01548665
1237662302429642818,196.741595154064,52.2573910153662,3918,301,4,54,GALAXY,17.3634,15.83097,15.17642,14.85359,14.60332,0.0158064
1237664292071211158,173.784533201531,15.9586244240753,4381,301,6,23,GALAXY,17.53042,16.07097,15.48897,15.19229,15.00472,0.01705986
1237667911664861236,179.679608136626,25.043059445385,5224,301,4,175,GALAXY,17.39878,15.95235,15.11752,14.65872,14.45514,0.01548858
1237674288071835884,120.348660456622,32.8837986148739,6709,301,1,40,GALAXY,17.45171,15.95285,15.15969,14.74279,14.33515,0.0181995
1237674288608313595,119.267950901583,33.0890015245702,6709,301,2,34,GALAXY,17.83211,16.07964,15.34685,14.94675,14.70864,0.01631107
1237674288608379114,119.391343668164,33.1214331086248,6709,301,2,35,GALAXY,18.05748,16.59101,15.94258,15.60762,15.39175,0.01694322
1237674365383147762,120.805180883007,33.1323452069548,6727,301,1,69,GALAXY,17.77891,16.02907,15.28991,14.91228,14.63703,0.01759083
1237674366455972321,118.134897400821,33.4816324560841,6727,301,3,55,GALAXY,17.50225,15.37788,14.9326,14.71699,14.62294,0.01749763
1237655464319975513,239.19564462277,47.9955177422057,2326,301,3,285,GALAXY,17.59847,15.93671,15.18408,14.82924,14.58222,0.01747185
1237655464320041225,239.313567664151,47.7905833922143,2326,301,3,286,GALAXY,17.6126,15.9519,15.21973,14.86831,14.61252,0.01811762
1237658425157746768,144.50273879749,6.92432230201123,3015,301,6,204,GALAXY,18.88677,17.0417,16.59477,16.32767,16.19091,0.0167277
1237667444585857168,195.839808704322,28.3090354738125,5115,301,6,155,GALAXY,17.90427,16.20581,15.47873,15.12193,14.87659,0.01842575
1237648703509364989,197.184505939901,-0.766833966219346,752,301,2,358,GALAXY,18.95993,17.45313,16.89338,16.62609,16.43411,0.01868426
1237668365852082577,242.164879327114,12.0107012936619,5330,301,2,90,GALAXY,17.04202,15.69884,15.05056,14.67652,14.38163,0.01613876
1237661151917310133,202.661443780471,49.1366241269948,3650,301,5,85,GALAXY,17.56396,16.16584,15.56607,15.25687,15.01474,0.01637952
1237664667889696903,134.213943120502,27.2700960669539,4469,301,2,158,GALAXY,17.41538,15.69804,14.98405,14.63511,14.36063,0.01856138
1237667107964977365,129.606647803011,19.5854274736603,5037,301,3,112,GALAXY,17.37066,15.93718,15.20781,14.83129,14.4643,0.01558438
1237667108497719396,120.575555051836,15.4519531862484,5037,301,4,49,GALAXY,19.07447,17.49713,16.84908,16.53075,16.28191,0.01577743
1237667108497850924,120.919626611562,15.6574941821009,5037,301,4,51,GALAXY,19.08289,17.57012,16.96795,16.6785,16.46742,0.01544985
1237671260663906581,138.307063707305,11.7713103115009,6004,301,2,149,GALAXY,18.74517,17.31046,16.51368,16.10933,15.73105,0.01673694
1237663782596051035,21.1342144270508,-1.19889400552013,4263,301,1,257,GALAXY,17.80312,16.37501,15.6812,15.34814,15.1278,0.01677802
1237663782596051076,21.2189300683778,-1.24014217455597,4263,301,1,257,GALAXY,18.76861,16.84377,16.05576,15.66026,15.36935,0.01757734
1237663782596051087,21.2267614070569,-1.25784959167316,4263,301,1,257,GALAXY,17.73108,16.11981,15.42977,15.07814,14.8407,0.01649684
1237663782596116880,21.3493421778044,-1.08166332366253,4263,301,1,258,GALAXY,19.4255,17.72618,17.01722,16.72467,16.48352,0.01834517
1237663782596182178,21.4483637977741,-1.17965893792292,4263,301,1,259,GALAXY,18.7712,17.28629,16.63636,16.35304,16.13306,0.01840219
1237667782806995082,119.777317119302,9.85441180049475,5194,301,4,40,GALAXY,17.93294,16.36376,15.66951,15.31214,15.08961,0.01609319
1237658801500848288,183.9813313734,54.7092546742862,3103,301,3,152,GALAXY,17.45373,15.81687,14.98037,14.56959,14.18737,0.01783795
1237663278466859220,5.14101210702759,0.856539659002525,4145,301,6,144,GALAXY,19.15636,17.73807,17.11395,16.81193,16.58981,0.0173234
1237665428090388660,196.386897865299,29.011596823163,4646,301,2,28,GALAXY,17.28831,15.94158,15.3296,14.9931,14.72497,0.01750079
1237665428098252967,216.336220965301,25.7081192327461,4646,301,2,148,GALAXY,18.42408,16.94484,16.25282,15.95085,15.70074,0.0153531
1237665428098253089,216.478297796546,25.7680274612037,4646,301,2,148,GALAXY,18.08704,16.52248,15.84101,15.51866,15.29372,0.01558544
1237665428634009765,213.754545643685,26.7168550511673,4646,301,3,131,GALAXY,17.92973,16.53145,15.85516,15.49264,15.15188,0.01741468
1237665428638138373,223.692144722995,24.0980070765594,4646,301,3,194,GALAXY,17.93455,15.92474,15.45352,15.45987,15.22242,0.0173908
1237668293376082006,176.590647676505,19.4843172370507,5313,301,3,114,GALAXY,18.43925,17.01345,16.30977,15.99478,15.74243,0.01762966
1237668293376147544,176.775484925349,19.4561837478064,5313,301,3,115,GALAXY,19.45724,17.93997,17.21381,16.88938,16.62433,0.01809491
1237668293912822025,176.206756604996,19.9410984658518,5313,301,4,112,GALAXY,18.59196,16.86339,16.16126,15.83964,15.61087,0.01778433
1237668293912952987,176.54987822503,19.8529092822187,5313,301,4,114,GALAXY,17.43821,15.68625,14.98309,14.65429,14.3706,0.01825
1237668294449496831,175.815870835941,20.1950759406771,5313,301,5,109,GALAXY,19.52346,17.84749,17.21843,16.90526,16.69106,0.01837632
1237651735220387905,180.67876526187,1.52610852848433,1458,301,1,373,GALAXY,19.38521,17.50831,16.95421,16.65529,16.40676,0.01789175
1237651735220650152,181.328467342947,1.63757461626937,1458,301,1,377,GALAXY,18.72452,17.08942,16.37311,16.05641,15.76602,0.01863603
1237651735224189087,189.402115316844,1.58887575682327,1458,301,1,431,GALAXY,17.84956,16.25943,15.56899,15.22324,14.99042,0.01705606
1237651735757390015,180.989757300802,1.96089123509974,1458,301,2,375,GALAXY,18.39506,16.76608,16.03861,15.70026,15.42178,0.01850213
1237651735757455650,181.122795365866,1.93997447948917,1458,301,2,376,GALAXY,17.8921,16.15176,15.38444,15.00856,14.73277,0.01726595
1237651735757455695,181.193393906527,2.00522434011575,1458,301,2,376,GALAXY,18.53744,16.92132,16.22067,15.87964,15.62687,0.01551385
1237651735757586538,181.364689323452,1.94812016452443,1458,301,2,378,GALAXY,17.84938,16.18451,15.44342,15.09509,14.82308,0.01862302
1237651736294064381,180.456254439031,2.42147124094118,1458,301,3,372,GALAXY,19.55497,17.91145,17.36801,17.05916,16.90907,0.01839226
1237656567048044640,334.720563773903,-1.05862645352422,2583,301,1,212,GALAXY,16.72511,15.36566,14.79107,14.45882,14.19895,0.01606526
1237656568118509903,327.236353890647,-0.345563000744427,2583,301,3,162,GALAXY,17.37282,15.95606,15.23866,14.85556,14.51987,0.01583428
1237658917457625304,190.763432008876,54.86378008161,3130,301,3,40,GALAXY,19.00894,17.58635,16.86632,16.55944,16.3461,0.01583705
1237658917457625320,190.66802725816,54.8463153424204,3130,301,3,40,GALAXY,19.28209,17.8982,17.20026,16.91132,16.73895,0.01657629
1237658917457756297,191.150608628773,54.7244197285165,3130,301,3,42,GALAXY,17.18632,15.73768,15.10715,14.82949,14.53296,0.01571489
1237665227311022154,200.124622437551,31.9553809307863,4599,301,4,186,GALAXY,18.01656,16.68734,16.03711,15.71019,15.45192,0.01654327
1237665227312791727,204.676908046143,31.2491944381092,4599,301,4,213,GALAXY,19.83671,18.04066,17.26739,16.9146,16.63532,0.01543274
1237667782844809329,209.689216756285,20.6618558550346,5194,301,4,617,GALAXY,17.73913,16.25155,15.4592,15.02987,14.72151,0.01613311
1237667782846447786,213.531844541145,20.0248827446014,5194,301,4,642,GALAXY,17.52272,15.84583,15.10648,14.76399,14.48119,0.01652272
1237657242434011300,141.837718336312,45.6996177021791,2740,301,3,248,GALAXY,18.89411,17.04449,16.60233,16.39664,16.23786,0.0171358
1237662226216976438,190.988235460557,40.7294768166136,3900,301,6,405,GALAXY,17.94246,15.48932,15.01787,14.73727,14.82366,0.01693468
1237663787953291441,115.939466877314,48.137085457225,4264,301,3,82,GALAXY,17.32683,15.89506,15.23282,14.91011,14.68679,0.01807673
1237663788492390623,118.923733678437,52.7882518964348,4264,301,4,116,GALAXY,18.34719,16.89242,16.2397,15.92057,15.70335,0.01860641
1237663788492456355,119.183426887517,52.989028989304,4264,301,4,117,GALAXY,19.70083,18.03065,17.35211,17.02535,16.80181,0.01784146
1237666338115092752,16.2365313060388,-0.906047016418455,4858,301,1,463,GALAXY,19.24219,17.45664,16.81617,16.5004,16.35504,0.01677198
1237666338651766883,15.8313303397133,-0.589643659003272,4858,301,2,460,GALAXY,17.55983,15.95631,15.2886,14.98546,14.7796,0.01835624
1237666338651832461,15.9750472666387,-0.440736873877274,4858,301,2,461,GALAXY,18.93093,17.21959,16.4825,16.12754,15.91263,0.01750834
1237666338651898039,16.1217273917273,-0.440780049867691,4858,301,2,462,GALAXY,19.33316,17.74936,17.13198,16.81345,16.65011,0.01749347
1237666338653863987,20.691704105023,-0.426464524344627,4858,301,2,492,GALAXY,17.65359,16.10131,15.43252,15.51172,15.02885,0.01728673
1237666338653864089,20.5878103547231,-0.486227728743148,4858,301,2,492,GALAXY,19.22093,17.57918,16.96552,16.60925,16.42526,0.01716016
1237666339189948591,18.8426277222426,-0.158468613788161,4858,301,3,480,GALAXY,18.55503,16.94881,16.23318,15.89267,15.66674,0.01733261
1237666339190341773,19.7684182526157,-0.138547372368213,4858,301,3,486,GALAXY,17.51335,15.96235,15.35176,15.01017,14.82582,0.01747985
1237666340796891271,10.3999756100625,1.07373243525359,4858,301,6,424,GALAXY,18.72206,17.20306,16.53825,16.2122,16.01534,0.01808988
1237667915416666251,176.004170543657,19.7160449160986,5225,301,3,79,GALAXY,19.56507,18.07254,17.36744,17.07638,16.82983,0.01796215
1237667915416731809,176.274370156781,19.6364980785805,5225,301,3,80,GALAXY,19.72281,18.10347,17.42455,17.15438,16.97284,0.0162502
1237667915950325816,168.270364763696,19.4596219301291,5225,301,4,30,GALAXY,17.06723,15.67272,14.97553,14.65371,14.39858,0.01648835
1237667915953471669,175.805295809532,20.1319186557438,5225,301,4,78,GALAXY,18.30553,16.70551,16.03093,15.69682,15.47586,0.0183119
1237667915953537344,176.015807787511,20.0989197509862,5225,301,4,79,GALAXY,18.01971,16.29707,15.54735,15.19988,14.89708,0.0185901
1237678619021148275,343.33202574908,2.40473747780474,7717,301,4,218,GALAXY,18.63141,16.92373,16.27387,15.80738,15.8549,0.01653591
1237650371018555562,179.483474881564,-2.20022021499587,1140,301,4,177,GALAXY,19.16495,17.70734,17.07559,16.77563,16.56301,0.01825687
1237650760778448980,176.570737636633,-3.17901561971324,1231,301,2,49,GALAXY,17.83895,15.98072,15.44337,15.16144,14.95836,0.01753094
1237650761852911726,178.258130234673,-2.29678288704217,1231,301,4,60,GALAXY,17.40137,15.8187,15.10471,14.75422,14.51344,0.01861324
1237658205037133969,148.056213020842,43.86413634952,2964,301,4,150,GALAXY,18.93398,17.3923,16.85618,16.58117,16.30401,0.01595828
1237667730193515042,120.643829397085,9.67157265905731,5182,301,2,38,GALAXY,19.12445,17.69197,17.07777,16.76033,16.55158,0.01538685
1237667733982085261,209.506128581436,19.6857454237281,5183,301,1,503,GALAXY,17.58733,16.16413,15.4023,15.00592,14.64486,0.01728641
