ObjectName,RA,DEC,Type,Velocity,Redshift,RedshiftFlag
NGC0507,20.91628,33.25606,G      ,4934,0.016458,
MCXCJ0123.6+3315,20.92083,33.26111, GClstr ,4917,0.0164,
ARP229,20.91792,33.26778, GPair  ,4929,0.016441,
NGC0508,20.91917,33.28028, G      ,5526,0.018433,
RSCG08,20.87521,33.27152, GGroup ,5096,0.017,
2MASSJ01234862+3313164,20.95261,33.22121, IrS    ,-46,-0.000154,SPEC
SDSSJ012353.87+331427.1,20.97446,33.24088, *      ,-25,-0.000083,SPEC
2MASXJ01234154+3312102,20.9233,33.2028, G      ,5158,0.017205,
NGC0504,20.86625,33.20444, G      ,4226,0.014096,
SDSSJ012333.68+331927.2,20.89035,33.32423, G      ,122861,0.409821,SPEC
IC1687,20.82958,33.27528, G      ,5019,0.016742,
NGC0503,20.86846,33.33172, G      ,5922,0.019754,
ARK039,20.99383,33.31326, G      ,5022,0.016752,
2MASXJ01234321+3321012,20.93004,33.35044, G      ,63173,0.210722,SPEC
SDSSJ012407.98+331510.6,21.03329,33.25295, G      ,75812,0.252881,SPEC
2MASXJ01235909+3319541,20.99612,33.33164, G      ,4489,0.014974,
SDSSJ012318.29+331944.4,20.82622,33.32901, G      ,134303,0.447988,SPEC
IC1690,20.95642,33.15628, G      ,4636,0.015464,
SDSSJ012411.21+331412.1,21.04643,33.23658, XrayS  ,67002,0.223496,SPEC
SDSSJ012311.65+331055.5,20.79857,33.18223, VisS   ,133245,0.444458,SPEC
SDSSJ012322.41+330839.8,20.8434,33.14435, XrayS  ,89820,0.299608,SPEC
NGC0507GROUP,20.82946,33.36076, GGroup ,5702,0.01902,
SDSSJ012409.31+331047.9,21.03909,33.1801, VisS   ,453022,1.511119,SPEC
SDSSJ012406.33+330943.8,21.0264,33.16217, G      ,91029,0.303639,SPEC
SDSSJ012308.93+331956.9,20.78722,33.33248, G      ,134461,0.448515,SPEC
IC1685,20.7775,33.18944, G      ,4462,0.014884,
SDSSJ012301.13+331516.3,20.75472,33.25453, G      ,134530,0.448743,SPEC
2MASXJ01232343+3322542,20.84792,33.38194, G      ,4880,0.016278,
SDSSJ012419.76+331431.9,21.08236,33.24221, *      ,-140,-0.000467,SPEC
[MHS2013]011,21.0918,33.256, GClstr ,45389,0.1514,
WHLJ012356.6+330657,20.98565,33.11597, GClstr ,76027,0.2536,SPEC
2MASSJ01235652+3306576,20.98594,33.11599, UvS    ,76013,0.253552,SPEC
SDSSJ012259.77+331141.3,20.74906,33.19482, G      ,135130,0.450745,SPEC
SDSSJ012300.75+331057.0,20.75316,33.18251, G      ,137204,0.457663,SPEC
RMJ012340.2+330553.5,20.91767,33.09819, GClstr ,79139,0.263979,PHOT
2MASXJ01234027+3305532,20.91767,33.09811, G      ,76503,0.255186,SPEC
2MASSJ01235023+3324397,20.95935,33.41097, *      ,-203,-0.000677,SPEC
SDSSJ012416.59+332114.0,21.06865,33.35408, XrayS  ,655632,2.186954,SPEC
2MASXJ01234321+3324592,20.93,33.41639, G      ,5601,0.018683,
SDSSJ012423.89+331852.4,21.09957,33.31458, G      ,168317,0.561444,SPEC
2MASXJ01230483+3322062,20.77017,33.36847, G      ,84447,0.281686,SPEC
2MASSJ01233189+3305142,20.88291,33.08737, G      ,76043,0.253653,SPEC
WHLJ012331.9+330515,20.88291,33.08737, GClstr ,76267,0.2544,SPEC
WHLJ012309.3+332335,20.78886,33.393, GClstr ,83882,0.2798,SPEC
[WH2015]0093,20.78886,33.393, GClstr ,83642,0.279,SPEC
RMJ012309.3+332334.8,20.78886,33.393, GClstr ,85094,0.283844,PHOT
2MASXJ01230930+3323342,20.78879,33.39297, G      ,83327,0.277948,SPEC
NGC0494,20.73083,33.17389, G      ,5462,0.018219,
IC1688,20.86708,33.08306, G      ,5023,0.016755,
SDSSJ012249.84+331314.4,20.70773,33.22067, UvS    ,149319,0.498076,SPEC
2MASSJ01232381+3325317,20.84911,33.42548, G      ,82628,0.275617,SPEC
SDSSJ012310.41+332413.5,20.79339,33.40376, G      ,138706,0.462673,SPEC
SDSSJ012418.78+330808.4,21.07758,33.13659, UvS    ,169609,0.565754,SPEC
[HMS56]0122+3305,20.82962,33.42743, GClstr ,4600,0.015344,
NGC0501,20.84336,33.43296, G      ,5010,0.016712,
SDSSJ012247.30+331111.6,20.69712,33.18658, G      ,166142,0.554191,SPEC
SDSSJ012319.07+332622.9,20.82949,33.4397, G      ,155889,0.519991,SPEC
IC1689,20.94942,33.05533, G      ,4566,0.015231,
IC1692,21.16483,33.23581, G      ,5525,0.018429,
SDSSJ012319.72+332717.7,20.83218,33.45494, QSO    ,94763,0.316095,SPEC
SDSSJ012330.78+330251.1,20.87786,33.04741, VisS   ,516045,1.721339,SPEC
IC1691,21.1075,33.40694, G      ,4983,0.016621,
SDSSJ012246.43+330821.5,20.69346,33.13933, G      ,134299,0.447974,SPEC
SDSSJ012436.71+330915.6,21.15295,33.1542, XrayS  ,152275,0.507935,SPEC
B20120+33:[MLO2002]CLUSTER,20.6875,33.37083, GClstr ,4984,0.016625,
IC1684,20.72167,33.41361, G      ,4018,0.013403,
NGC0499Group,20.80083,33.46111, GGroup ,4497,0.015,
SDSSJ012307.44+330333.3,20.78103,33.05928, G      ,79115,0.263898,SPEC
NGC0499,20.79792,33.46056, G      ,4399,0.014673,
SDSSJ012244.88+330758.7,20.687,33.13299, G      ,134740,0.449444,SPEC
SDSSJ012240.59+330823.1,20.66914,33.13975, G      ,134861,0.449847,SPEC
SDSSJ012346.59+332936.3,20.94414,33.49343, G      ,169303,0.564733,SPEC
SDSSJ012437.55+330735.8,21.15612,33.12677, VisS   ,370749,1.236687,SPEC
SDSSJ012231.66+331229.7,20.63194,33.20826, QSO    ,211691,0.706125,SPEC
2MASSJ01230382+3327564,20.76596,33.46565, G      ,88412,0.294909,SPEC
SDSSJ012417.14+330229.7,21.07117,33.04146, XrayS  ,54516,0.181845,SPEC
2MASSJ01232536+3330149,20.85561,33.50417, G      ,75795,0.252825,SPEC
NGC0498,20.79698,33.48936, G      ,6151,0.020518,
SDSSJ012247.82+332602.2,20.69847,33.43342, UvS    ,157216,0.524417,SPEC
SDSSJ012243.82+330518.6,20.68262,33.08851, G      ,110750,0.369421,SPEC
SDSSJ012323.75+330006.5,20.84897,33.00182, G      ,110019,0.366985,SPEC
SDSSJ012318.13+330014.3,20.82558,33.00398, *      ,-61,-0.000203,SPEC
NGC0495,20.73333,33.47167, G      ,4114,0.013723,
SDSSJ012409.34+333034.7,21.03894,33.50964, G      ,197537,0.658914,SPEC
SDSSJ012450.58+332233.1,21.21076,33.37586, G      ,169621,0.565796,SPEC
SDSSJ012259.35+330112.0,20.74732,33.02002, *      ,-40,-0.000134,SPEC
CGCG502-055,20.64167,33.10333, G      ,6039,0.020144,
SDSSJ012434.81+332719.6,21.14504,33.45545, G      ,142019,0.473725,SPEC
SDSSJ012257.68+330101.0,20.74035,33.01697, G      ,187053,0.623942,SPEC
SDSSJ012244.22+330311.1,20.68428,33.0531, G      ,135518,0.452039,SPEC
SDSSJ012414.14+330005.5,21.05894,33.00154, QSO    ,674091,2.248526,SPEC
SDSSJ012310.13+333105.7,20.79225,33.51826, G      ,121307,0.404637,SPEC
SDSSJ012500.68+331423.3,21.25286,33.23983, G      ,72228,0.240925,SPEC
NGC0517,21.1825,33.42944, G      ,4204,0.014023,
SDSSJ012220.27+331837.7,20.58448,33.31049, QSO    ,252602,0.84259,SPEC
2MASSJ01242233+3330106,21.09326,33.50308, G      ,83264,0.27774,SPEC
SDSSJ012227.33+330700.1,20.61391,33.1167, *      ,-59,-0.000196,SPEC
PPS2098,20.7546,33.51256, GGroup ,4894,0.016325,
NGC0496,20.79833,33.52917, G      ,6006,0.020034,
2MASXJ01245547+3322555,21.23108,33.38208, G      ,37131,0.123856,SPEC
WHLJ012455.5+332255,21.23113,33.38204, GClstr ,37324,0.1245,SPEC
SDSSJ012446.23+332619.3,21.19263,33.43871, *      ,-10,-0.000034,SPEC
HDCE0070,20.78667,33.53028, GGroup ,4970,0.016578,
SDSSJ012434.31+330147.8,21.14298,33.02997, G      ,167670,0.559286,SPEC
SDSSJ012301.55+325927.8,20.75648,32.99106, G      ,200084,0.667409,SPEC
SDSSJ012235.36+332702.4,20.64735,33.45067, G      ,155961,0.520229,SPEC
NGC0515,21.16083,33.47278, G      ,5097,0.017002,
SDSSJ012338.98+333326.4,20.91244,33.55734, G      ,156159,0.520891,SPEC
SDSSJ012504.75+331151.7,21.26982,33.19771, G      ,166081,0.553988,SPEC
WHLJ012504.8+331152,21.26982,33.19771, GClstr ,166055,0.5539,SPEC
IC1682,20.55542,33.26028, G      ,4330,0.014443,
SDSSJ012505.89+331258.5,21.27454,33.21628, G      ,183301,0.611425,SPEC
SDSSJ012302.82+333154.0,20.76178,33.53169, G      ,212424,0.708569,SPEC
2MASXJ01250257+3321275,21.26071,33.35775, G      ,37530,0.125186,SPEC
2MASSJ01230478+3258262,20.76991,32.97412, UvS    ,-15,-0.000049,SPEC
SDSSJ012320.49+333329.3,20.8354,33.55817, G      ,192391,0.641748,SPEC
2MASXJ01225172+3331021,20.71583,33.51722, G      ,4290,0.01431,
2MASXJ01242006+3258335,21.08363,32.97597, G      ,22731,0.075824,SPEC
SDSSJ012246.74+330008.3,20.69479,33.00235, UvS    ,-143,-0.000476,SPEC
2MASSJ01234105+3334206,20.92124,33.57239, *      ,138,0.00046,SPEC
KUG0120+332B,20.81167,33.56278, G      ,4424,0.014757,
SDSSJ012209.90+332029.0,20.54127,33.34139, G      ,156697,0.522684,SPEC
2MASXJ01235018+3335062,20.95917,33.585, G      ,4984,0.016625,
2MASSJ01242956+3332191,21.12322,33.5387, G      ,75484,0.251788,SPEC
SDSSJ012328.26+325535.1,20.86776,32.92643, QSO    ,349698,1.166468,SPEC
NGC0507GROUPNED01,21.26631,33.41585, GGroup ,4407,0.0147,
SDSSJ012420.50+333330.0,21.08542,33.55835, *      ,-65,-0.000217,SPEC
SDSSJ012345.63+333521.9,20.94014,33.58943, G      ,153520,0.512087,SPEC
SDSSJ012229.56+330143.7,20.62319,33.02882, G      ,185958,0.620289,SPEC
SDSSJ012312.92+325606.3,20.80391,32.93506, UvS    ,-254,-0.000848,SPEC
2MASXJ01250175+3304375,21.25721,33.07703, G      ,32588,0.108701,SPEC
2MASSJ01232146+3255280,20.83931,32.92451, G      ,82689,0.275821,SPEC
SDSSJ012317.78+333512.8,20.82411,33.5869, G      ,141825,0.473077,SPEC
SDSSJ012458.35+330304.6,21.24313,33.05128, *      ,-166,-0.000555,SPEC
SDSSJ012201.51+331751.5,20.5063,33.29765, G      ,138152,0.460826,SPEC
SDSSJ012213.96+330442.9,20.55818,33.07861, G      ,182515,0.608806,SPEC
SDSSJ012229.12+333009.7,20.62136,33.5027, G      ,212093,0.707467,SPEC
SDSSJ012159.94+331640.8,20.49979,33.278, G      ,172805,0.576414,SPEC
SDSSJ012159.87+331752.9,20.4995,33.29803, G      ,154903,0.5167,SPEC
SDSSJ012218.70+330255.0,20.57792,33.04861, G      ,179934,0.600196,SPEC
SDSSJ012454.69+332930.5,21.22789,33.49182, G      ,153225,0.511104,SPEC
SDSSJ012455.42+332931.4,21.23095,33.49207, G      ,152778,0.509612,SPEC
SDSSJ012208.57+332447.1,20.53573,33.4131, QSO    ,732760,2.444224,SPEC
SDSSJ012437.37+333257.1,21.15571,33.5492, G      ,105421,0.351647,SPEC
SDSSJ012354.21+333630.2,20.97589,33.60841, G      ,104887,0.349864,SPEC
SDSSJ012522.40+331838.0,21.34335,33.31056, G      ,194622,0.64919,SPEC
SDSSJ012208.51+332542.4,20.53546,33.42845, G      ,163393,0.54502,SPEC
2MASXJ01221171+3326573,20.54917,33.44917, G      ,4354,0.014523,
WHLJ012506.1+332822,21.27555,33.4729, GClstr ,68892,0.2298,SPEC
2MASXJ01250610+3328225,21.27554,33.47294, G      ,69853,0.233005,SPEC
SDSSJ012340.65+325300.1,20.91915,32.88342, UvS    ,-176,-0.000586,SPEC
SDSSJ012244.08+333432.8,20.68369,33.5758, G      ,155076,0.517279,SPEC
SDSSJ012527.21+331636.0,21.3634,33.27669, G      ,162711,0.542746,SPEC
SDSSJ012219.83+333036.6,20.58266,33.51018, G      ,135314,0.45136,SPEC
SDSSJ012152.21+331830.5,20.46756,33.30848, QSO    ,343287,1.145081,SPEC
IC1680,20.46333,33.2825, G      ,4438,0.014804,
SDSSJ012201.25+330541.7,20.50524,33.09493, QSO    ,694944,2.318082,SPEC
SDSSJ012152.17+331900.0,20.46739,33.31667, G      ,156681,0.52263,SPEC
SDSSJ012244.88+333508.9,20.68703,33.58583, G      ,154803,0.516367,SPEC
2MASSJ01233240+3252255,20.88489,32.87371, UvS    ,1,0.000005,SPEC
SDSSJ012246.51+333531.1,20.69383,33.59199, G      ,156217,0.521084,SPEC
KUG0119+328,20.48167,33.13083, G      ,5366,0.017899,
SDSSJ012149.94+331306.8,20.4581,33.21857, G      ,164293,0.548021,SPEC
SDSSJ012159.55+330542.3,20.49814,33.0951, G      ,110957,0.370114,SPEC
SDSSJ012409.34+333741.3,21.03894,33.62815, G      ,169691,0.566028,SPEC
2MASSJ01251518+3327155,21.31315,33.4544, G      ,69323,0.231237,SPEC
2MASSJ01251827+3326115,21.32619,33.43655, G      ,67777,0.22608,SPEC
WHLJ012515.0+332726,21.31255,33.45713, GClstr ,104298,0.3479,PHOT
2MASSJ01235081+3338433,20.96182,33.64528, G      ,74675,0.24909,SPEC
SDSSJ012329.95+325159.8,20.8748,32.8665, UvS    ,-79,-0.000262,SPEC
2MASSJ01251475+3328002,21.31142,33.46683, G      ,68637,0.228949,SPEC
RMJ012514.7+332800.6,21.31142,33.46683, GClstr ,74691,0.249141,PHOT
2MASXJ01252224+3325095,21.34279,33.41922, G      ,75679,0.252439,SPEC
SDSSJ012411.05+333800.8,21.04613,33.63365, UvS    ,216674,0.722748,SPEC
SDSSJ012147.40+331728.9,20.44753,33.29138, G      ,155178,0.517618,SPEC
2XMMIJ012351.8+333851,20.96621,33.64752, XrayS  ,75758,0.2527,
2MASSJ01225832+3337222,20.74301,33.62281, G      ,97389,0.324855,SPEC
SDSSJ012533.31+331511.7,21.38879,33.25325, *      ,-80,-0.000268,SPEC
SDSSJ012532.26+331210.0,21.38443,33.2028, G      ,148267,0.494566,SPEC
SDSSJ012518.88+332659.6,21.32868,33.44991, G      ,117592,0.392246,SPEC
SDSSJ012532.50+331141.0,21.38545,33.19474, QSO    ,880116,2.93575,SPEC
SDSSJ012455.26+325725.6,21.23025,32.95714, *      ,-117,-0.000389,SPEC
SDSSJ012504.16+333133.6,21.26737,33.52602, G      ,165637,0.552507,SPEC
2MASXJ01224309+3336112,20.67971,33.60322, G      ,74784,0.249451,SPEC
WHLJ012243.1+333612,20.67974,33.6033, GClstr ,74798,0.2495,SPEC
SDSSJ012212.18+325957.3,20.55077,32.99925, *      ,1047,0.003493,SPEC
2MASSJ01223792+3255118,20.65798,32.91998, UvS    ,-101,-0.000338,SPEC
SDSSJ012320.94+333903.9,20.83729,33.65108, G      ,154314,0.514737,SPEC
2MASSJ01240798+3252035,21.0332,32.86774, G      ,81173,0.270765,SPEC
SDSSJ012200.19+332723.1,20.50083,33.45642, QSO    ,531619,1.773291,SPEC
WHLJ012349.0+333922,20.95411,33.65612, GClstr ,75668,0.2524,SPEC
[WH2015]0095,20.95411,33.65612, GClstr ,75548,0.252,SPEC
RMJ012349.0+333922.0,20.95411,33.65612, GClstr ,77728,0.259271,PHOT
2MASXJ01234898+3339222,20.95404,33.65614, G      ,76630,0.255609,SPEC
SDSSJ012420.87+325246.3,21.08698,32.87955, G      ,81488,0.271816,SPEC
SDSSJ012149.10+332239.6,20.45462,33.37769, G      ,198785,0.663076,SPEC
2MASXJ01221732+3332433,20.57225,33.54536, G      ,76162,0.254049,SPEC
SDSSJ012235.69+325439.3,20.64874,32.91093, G      ,177783,0.593019,SPEC
SDSSJ012247.87+333734.6,20.69947,33.6263, G      ,82278,0.274451,SPEC
2MASXJ01230849+3339122,20.78546,33.65347, G      ,76033,0.253619,SPEC
WHLJ012308.5+333913,20.78555,33.6535, GClstr ,76027,0.2536,SPEC
SDSSJ012234.63+333600.8,20.64429,33.60023, G      ,103448,0.345065,SPEC
2MASSJ01231811+3250545,20.82521,32.84849, *      ,20,0.000066,SPEC
2MASXJ01235369+3250321,20.97371,32.84225, G      ,37444,0.1249,SPEC
2MASXJ01253645+3321225,21.40183,33.35633, G      ,25425,0.084809,SPEC
SDSSJ012410.72+333942.8,21.04467,33.6619, G      ,175684,0.586017,SPEC
SDSSJ012442.46+325350.7,21.17693,32.89743, QSO    ,655169,2.185408,SPEC
2MASSJ01254014+3317219,21.41702,33.28947, G      ,81821,0.272926,SPEC
WHLJ012540.1+331722,21.41702,33.28947, GClstr ,81813,0.2729,SPEC
SDSSJ012140.50+331853.5,20.41878,33.31489, G      ,138810,0.463021,SPEC
RMJ012140.5+331853.6,20.41878,33.31489, GClstr ,132296,0.441292,PHOT
SDSSJ012140.33+331903.6,20.41806,33.31767, G      ,139037,0.463778,SPEC
2MASSJ01232054+3250255,20.83554,32.84036, G      ,76112,0.253883,SPEC
SDSSJ012538.91+331044.3,21.41215,33.17899, G      ,169685,0.566009,SPEC
SDSSJ012302.78+333928.9,20.76159,33.65805, QSO    ,895149,2.985896,SPEC
SDSSJ012447.27+333627.8,21.19697,33.60772, G      ,110370,0.368153,SPEC
2MASSJ01241344+3250466,21.05589,32.84663, G      ,82313,0.274566,SPEC
SDSSJ012137.57+331601.1,20.40657,33.26698, G      ,137083,0.457258,SPEC
2MASXJ01220092+3330343,20.50375,33.5097, G      ,5184,0.017292,
2MASSJ01230531+3340091,20.77211,33.66919, G      ,84099,0.280525,SPEC
2MASSJ01252772+3327597,21.36566,33.46649, G      ,110274,0.367834,SPEC
SDSSJ012405.98+325006.3,21.02493,32.83525, UvS    ,82129,0.273953,SPEC
WHLJ012135.5+331602,20.39791,33.26735, GClstr ,137095,0.4573,SPEC
SDSSJ012421.32+325044.7,21.08887,32.84577, G      ,82230,0.274291,SPEC
SDSSJ012258.97+325035.3,20.74571,32.84316, G      ,135120,0.450711,SPEC
SDSSJ012427.62+325104.5,21.11509,32.85128, G      ,80869,0.269749,SPEC
2MASSJ01245967+3255046,21.24847,32.91794, G      ,81609,0.272219,SPEC
SDSSJ012338.83+334143.8,20.91182,33.6955, G      ,155519,0.518757,SPEC
SDSSJ012203.56+333231.1,20.51485,33.54198, G      ,132823,0.44305,SPEC
SDSSJ012341.55+324855.9,20.92315,32.81555, *      ,-165,-0.000551,SPEC
SDSSJ012219.56+325450.8,20.58171,32.91433, UvS    ,165759,0.552911,SPEC
SDSSJ012449.48+325307.7,21.2062,32.88548, QSO    ,893290,2.979694,SPEC
SDSSJ012232.02+333758.6,20.63366,33.6324, UvS    ,104347,0.348063,SPEC
2MASSJ01220844+3256417,20.53515,32.94498, UvS    ,-98,-0.000328,SPEC
2MASXJ01243617+3251204,21.15071,32.85575, G      ,32677,0.109,
NGC0483,20.48458,33.52097, G      ,4666,0.015564,
SDSSJ012410.05+324913.9,21.04189,32.82055, G      ,84180,0.280794,SPEC
SDSSJ012357.33+334204.5,20.9889,33.70127, G      ,132602,0.442313,SPEC
SDSSJ012151.45+333007.5,20.46439,33.50209, G      ,101998,0.340229,SPEC
SDSSJ012549.43+331612.9,21.45598,33.27027, G      ,101768,0.339462,SPEC
SDSSJ012421.18+324940.4,21.08825,32.82791, G      ,81306,0.271207,SPEC
SDSSJ012532.67+332857.6,21.38613,33.48268, G      ,104810,0.349608,SPEC
SDSSJ012550.24+331330.7,21.45929,33.22542, UvS    ,646972,2.158066,SPEC
SDSSJ012414.56+334142.6,21.06069,33.69532, VisS   ,105699,0.352575,SPEC
2MASXJ01254263+3305165,21.42781,33.08779, G      ,4301,0.014347,
SDSSJ012141.46+332750.9,20.42278,33.46416, G      ,128868,0.429858,SPEC
SDSSJ012536.12+332847.7,21.40052,33.47994, G      ,161851,0.539876,SPEC
SDSSJ012210.59+325452.9,20.54414,32.91471, *      ,-183,-0.000609,SPEC
SDSSJ012337.63+334308.7,20.90682,33.7191, G      ,165918,0.553443,SPEC
SDSSJ012549.38+332147.2,21.45576,33.36312, G      ,120207,0.400967,SPEC
SDSSJ012436.87+325013.9,21.15364,32.8372, G      ,82579,0.275455,SPEC
SDSSJ012320.01+324742.9,20.83341,32.79525, G      ,200378,0.668388,SPEC
IC1679,20.43583,33.49361, G      ,5310,0.017712,
WHLJ012425.7+324858,21.10716,32.81613, GClstr ,79865,0.2664,
2MASXJ01242569+3248575,21.10717,32.81606, G      ,82510,0.275224,SPEC
SDSSJ012125.60+331704.0,20.3567,33.28446, G      ,137274,0.457897,SPEC
SDSSJ012407.94+324743.0,21.03309,32.79528, QSO    ,617983,2.061369,SPEC
SDSSJ012151.53+325827.7,20.46472,32.97438, G      ,185888,0.620055,SPEC
2MASSJ01225886+3248194,20.7454,32.80554, G      ,76226,0.254262,SPEC
SDSSJ012537.93+332927.9,21.40807,33.4911, G      ,86633,0.288976,SPEC
SDSSJ012131.78+332455.4,20.38246,33.4154, G      ,131895,0.439953,SPEC
SDSSJ012212.32+325334.8,20.55165,32.89358, UvS    ,-380,-0.001268,SPEC
SDSSJ012141.46+330122.7,20.42263,33.02295, UvS    ,6,0.00002,SPEC
SDSSJ012239.91+324948.1,20.66632,32.83006, *      ,13,0.000043,SPEC
SDSSJ012217.42+325236.9,20.57258,32.87692, G      ,148754,0.496189,SPEC
SDSSJ012530.36+333234.5,21.37652,33.54292, G      ,149321,0.498081,SPEC
SDSSJ012251.18+334219.7,20.71328,33.70547, G      ,128427,0.428385,SPEC
SDSSJ012234.56+324958.1,20.64404,32.83283, *      ,-156,-0.000522,SPEC
SDSSJ012413.06+324721.4,21.05442,32.78929, G      ,83514,0.278573,SPEC
2MASSJ01243136+3248233,21.13094,32.80651, G      ,82081,0.273793,SPEC
SDSSJ012558.77+331401.8,21.49491,33.23386, G      ,194557,0.648972,SPEC
SDSSJ012129.62+332535.1,20.37343,33.42642, G      ,132557,0.442163,SPEC
2MASSJ01242790+3342437,21.11631,33.71217, G      ,91411,0.304914,SPEC
SDSSJ012443.09+324921.4,21.17956,32.82262, G      ,82682,0.275798,SPEC
2MASSJ01242139+3247186,21.08914,32.78851, G      ,81949,0.273351,SPEC
2MASSJ01243631+3248235,21.15141,32.80657, G      ,83992,0.280166,SPEC
SDSSJ012255.08+324725.2,20.72967,32.79054, UvS    ,-233,-0.000778,SPEC
SDSSJ012229.38+334055.2,20.62245,33.68201, G      ,133079,0.443904,SPEC
WHLJ012229.4+334055,20.62245,33.68201, GClstr ,133078,0.4439,SPEC
2MASXJ01255989+3319164,21.4995,33.32125, G      ,37320,0.124487,SPEC
SDSSJ012149.59+325653.2,20.45662,32.94812, G      ,183225,0.611172,SPEC
SDSSJ012124.61+330645.5,20.3526,33.11266, QSO    ,684428,2.283007,
2MASXJ01244522+3341425,21.18838,33.69508, G      ,45931,0.153209,SPEC
SDSSJ012448.19+324917.2,21.20083,32.82146, G      ,81935,0.273307,SPEC
SDSSJ012118.10+331215.9,20.32545,33.20444, *      ,382,0.001273,SPEC
SDSSJ012519.77+325407.1,21.33238,32.90199, G      ,170430,0.568493,SPEC
SDSSJ012602.64+331706.5,21.511,33.28514, G      ,163031,0.543812,SPEC
SDSSJ012517.07+333724.2,21.32115,33.62341, *      ,-64,-0.000215,SPEC
SDSSJ012345.62+334526.9,20.94041,33.75643, UvS    ,-118,-0.000395,SPEC
SDSSJ012559.70+332238.0,21.49856,33.37737, UvS    ,-258,-0.000862,SPEC
CGCG502-074,21.04542,32.76619, G      ,6024,0.020094,
2MASSJ01225656+3246385,20.73567,32.77745, *      ,-13,-0.000043,SPEC
SDSSJ012124.46+330504.1,20.3523,33.0849, UvS    ,241683,0.806166,SPEC
2MASXJ01211822+3309310,20.32625,33.15861, G      ,4086,0.013629,
2MASSJ01244009+3247558,21.16708,32.79876, G      ,83548,0.278687,SPEC
SDSSJ012304.84+324602.0,20.77019,32.76724, QSO    ,762026,2.541845,SPEC
SDSSJ012507.81+333929.5,21.28256,33.65819, G      ,222843,0.743324,SPEC
2MASXJ01255535+3326144,21.48083,33.43722, G      ,14661,0.048904,
SDSSJ012156.18+325354.4,20.48403,32.89847, UvS    ,-122,-0.000406,SPEC
SDSSJ012139.58+333251.0,20.41516,33.54811, UvS    ,290863,0.970216,SPEC
2MASSJ01234338+3345589,20.9306,33.76657, G      ,83348,0.278019,SPEC
WHLJ012114.3+331907,20.30948,33.31852, GClstr ,135566,0.4522,SPEC
2MASSJ01214803+3255210,20.45021,32.92257, UvS    ,-45,-0.000151,SPEC
SDSSJ012117.66+330700.6,20.32468,33.11655, UvS    ,-159,-0.000532,SPEC
SDSSJ012434.86+324643.5,21.14526,32.77877, G      ,84395,0.28151,SPEC
2MASSJ01243211+3344272,21.13387,33.74064, G      ,91797,0.306201,SPEC
SDSSJ012445.32+324726.8,21.18887,32.7908, G      ,83533,0.278635,SPEC
SDSSJ012601.53+332523.4,21.50638,33.42319, *      ,-18,-0.00006,SPEC
SDSSJ012606.08+332227.1,21.52573,33.37411, UvS    ,194269,0.64801,SPEC
SDSSJ012140.51+325622.9,20.41874,32.93994, UvS    ,181915,0.606802,SPEC
CGCG502-044,20.32275,33.09044, G      ,5141,0.017149,
SDSSJ012312.12+334615.9,20.80053,33.77109, QSO    ,496535,1.656261,SPEC
2MASSJ01211670+3325228,20.31967,33.42303, G      ,72020,0.240234,SPEC
SDSSJ012117.27+330458.9,20.322,33.08303, *      ,-56,-0.000188,SPEC
SDSSJ012331.03+334700.4,20.87952,33.78314, UvS    ,128666,0.429182,SPEC
SDSSJ012428.14+324512.2,21.11729,32.75341, G      ,93292,0.31119,SPEC
2MASSJ01234280+3243333,20.92843,32.72578, UvS    ,-79,-0.000265,SPEC
SDSSJ012508.56+324926.9,21.28449,32.82438, UvS    ,205156,0.684328,SPEC
SDSSJ012425.46+324457.4,21.1061,32.74929, QSO    ,249400,0.831908,SPEC
SDSSJ012453.35+334322.0,21.22232,33.72279, QSO    ,715005,2.385,
SDSSJ012148.33+333712.9,20.45138,33.62027, G      ,104048,0.347068,SPEC
RMJ012148.3+333713.0,20.45138,33.62027, GClstr ,117763,0.392815,PHOT
SDSSJ012150.85+333748.7,20.46188,33.63022, G      ,138223,0.461062,SPEC
SDSSJ012217.65+324826.4,20.57286,32.80719, UvS    ,183860,0.613292,SPEC
IC1677,20.2796,33.2166, GGroup ,5417,0.018069,
IC1677NED01,20.27956,33.21613, G      ,5417,0.018069,
SDSSJ012313.91+334701.3,20.80798,33.7837, G      ,191629,0.639205,SPEC
KUG0121+335,21.10378,33.76835, G      ,5850,0.019513,
SDSSJ012106.90+332008.6,20.27879,33.33573, G      ,135564,0.452192,SPEC
RMJ012106.9+332008.6,20.27879,33.33573, GClstr ,134360,0.448178,PHOT
2MASXJ01243602+3345344,21.15004,33.75967, G      ,6071,0.020251,
SDSSJ012555.80+333104.1,21.48252,33.51781, G      ,119728,0.399369,SPEC
SDSSJ012200.82+325021.6,20.50345,32.83934, QSO    ,655568,2.18674,SPEC
2MASSJ01234917+3242497,20.95494,32.71399, UvS    ,24,0.00008,SPEC
2MASSJ01231803+3242467,20.82523,32.71308, G      ,82922,0.276598,SPEC
SDSSJ012612.57+330725.3,21.55239,33.12369, *      ,-92,-0.000307,SPEC
2MASSJ01210185+3315552,20.25778,33.26536, *      ,21,0.00007,SPEC
SDSSJ012334.00+324220.6,20.8917,32.70573, G      ,194922,0.650191,SPEC
CGCG502-043,20.27347,33.3789, G      ,5252,0.017519,
NGC0553,21.5525,33.405, G      ,5117,0.017068,
2MASSJ01261478+3322415,21.56156,33.37828, G      ,105308,0.351268,SPEC
SDSSJ012441.80+334556.0,21.17417,33.76558, G      ,110321,0.36799,SPEC
SDSSJ012124.48+333250.9,20.35202,33.54748, QSO    ,698740,2.330745,SPEC
2MASSJ01223590+3345490,20.64962,33.76374, G      ,88443,0.295013,SPEC
2MASXJ01255803+3258564,21.49188,32.98244, G      ,47633,0.158887,SPEC
2MASSJ01211520+3301380,20.31312,33.02753, UvS    ,-28,-0.000092,SPEC
CGCG502-047,20.39542,33.60028, G      ,4471,0.014914,
SDSSJ012557.41+333227.5,21.48887,33.54114, UvS    ,170092,0.567366,SPEC
SDSSJ012100.24+331716.0,20.25101,33.28779, G      ,131676,0.439224,SPEC
SDSSJ012101.09+331941.1,20.25457,33.3281, G      ,103041,0.343708,SPEC
SDSSJ012548.80+325531.4,21.45336,32.92539, QSO    ,810085,2.702152,SPEC
SDSSJ012618.42+331011.1,21.57679,33.16977, G      ,193995,0.647098,SPEC
2MASSJ01225733+3347525,20.739,33.79805, UvS    ,84621,0.282266,SPEC
WBL039,20.95321,32.69389, GGroup ,5387,0.01797,
SDSSJ012335.87+334910.6,20.89968,33.82006, XrayS  ,-96,-0.000321,SPEC
SDSSJ012555.66+333408.9,21.48194,33.56916, G      ,110269,0.367819,SPEC
SDSSJ012114.42+330012.2,20.3101,33.00341, G      ,180138,0.600877,SPEC
NGC0513,21.11188,33.79945, G      ,5859,0.019544,
SDSSJ012100.11+330741.3,20.25046,33.12814, *      ,-59,-0.000198,SPEC
SDSSJ012103.47+332553.8,20.26446,33.43162, QSO    ,737123,2.458776,SPEC
2MASXJ01241840+3241595,21.07662,32.69989, G      ,25559,0.085257,SPEC
SDSSJ012240.34+334726.2,20.66809,33.79062, G      ,153951,0.513524,SPEC
NGC0528,21.39,33.67167, G      ,4807,0.016034,
SDSSJ012126.80+333604.4,20.36169,33.60123, *      ,-85,-0.000282,SPEC
SDSSJ012054.23+331341.9,20.22599,33.22831, G      ,131387,0.438261,SPEC
2MASSJ01230496+3349196,20.77071,33.82209, G      ,44286,0.147721,SPEC
SDSSJ012054.76+331928.9,20.22818,33.32471, G      ,131469,0.438532,SPEC
SDSSJ012454.12+334629.4,21.22552,33.77484, G      ,196538,0.65558,SPEC
2MASSJ01224836+3242167,20.70155,32.70491, UvS    ,-73,-0.000242,SPEC
SDSSJ012610.93+330040.8,21.54555,33.01134, QSO    ,242360,0.808426,SPEC
2MASSJ01225753+3241235,20.7398,32.68999, UvS    ,-46,-0.000152,SPEC
SDSSJ012626.53+332005.2,21.61058,33.33479, G      ,212759,0.709687,SPEC
SDSSJ012055.45+332244.6,20.23106,33.37908, *      ,-386,-0.001289,SPEC
SDSSJ012116.37+325705.9,20.31822,32.95166, G      ,203755,0.679653,SPEC
SDSSJ012232.94+324305.2,20.63728,32.71813, QSO    ,969652,3.234411,SPEC
SDSSJ012107.01+330042.6,20.27922,33.01184, *      ,60,0.000199,SPEC
SDSSJ012553.23+333706.6,21.47182,33.61851, G      ,187744,0.626245,SPEC
SDSSJ012055.78+330607.6,20.23277,33.10316, UvS    ,-82,-0.000275,SPEC
2MASSJ01223562+3242230,20.64836,32.70636, G      ,59789,0.199435,SPEC
2MASSJ01214893+3248209,20.45384,32.80602, UvS    ,-28,-0.000095,SPEC
SDSSJ012425.79+334943.7,21.10749,33.82883, QSO    ,686654,2.290432,SPEC
2MASSJ01230609+3240223,20.77526,32.67316, UvS    ,-1,-0.000003,SPEC
SDSSJ012210.45+334551.3,20.54357,33.76425, G      ,211511,0.705524,SPEC
CGCG502-069,20.96667,32.65861, G      ,12212,0.040735,
SDSSJ012105.60+333131.6,20.27337,33.52546, QSO    ,211031,0.703924,SPEC
2MASXJ01214231+3341491,20.42621,33.69708, G      ,62391,0.208113,SPEC
SDSSJ012116.19+333528.7,20.3175,33.59131, QSO    ,765759,2.554296,SPEC
WBL040,21.0814,33.84367, GGroup ,5285,0.01763,
2MASSJ01223791+3241325,20.65782,32.69215, UvS    ,-11,-0.000036,SPEC
SDSSJ012621.80+332828.8,21.59086,33.47468, G      ,187237,0.624554,SPEC
CGCG502-039,20.22125,33.42556, G      ,5468,0.018239,
SDSSJ012620.69+332919.2,21.58622,33.48868, QSO    ,530769,1.770453,SPEC
SDSSJ012110.65+325643.8,20.2944,32.94551, *      ,-79,-0.000263,SPEC
SDSSJ012132.04+325044.3,20.38354,32.84565, G      ,154361,0.514892,SPEC
SDSSJ012633.94+331402.3,21.64145,33.23399, *      ,-141,-0.00047,SPEC
SDSSJ012244.72+324044.9,20.68637,32.67914, *      ,-27,-0.00009,SPEC
SDSSJ012631.63+332214.4,21.63181,33.37068, G      ,176406,0.588427,SPEC
SDSSJ012203.86+334601.7,20.51624,33.7666, UvS    ,568914,1.897691,SPEC
UZC-CG023,21.0375,33.85778, GTrpl  ,5296,0.017666,
SDSSJ012223.16+334820.9,20.59653,33.80582, G      ,134048,0.447137,SPEC
SDSSJ012437.12+335003.5,21.15434,33.83445, XrayS  ,664120,2.215267,SPEC
2MASSJ01252558+3245585,21.35663,32.76623, G      ,90917,0.303267,SPEC
CGCG521-017,21.00625,33.86611, G      ,5145,0.017162,
SDSSJ012055.23+330214.4,20.23015,33.03734, *      ,-112,-0.000373,SPEC
SDSSJ012534.80+324725.7,21.39501,32.79049, *      ,-117,-0.00039,SPEC
SDSSJ012044.47+331118.0,20.18532,33.18835, G      ,131807,0.43966,SPEC
SDSSJ012321.04+323837.6,20.83768,32.64379, *      ,-117,-0.000389,SPEC
2MASXJ01222561+3241511,20.60708,32.6975, G      ,5333,0.017789,
SDSSJ012046.63+330801.5,20.19432,33.13375, *      ,6,0.000019,SPEC
2MASSJ01220470+3346398,20.5196,33.77773, G      ,75703,0.252517,SPEC
2MASXJ01222353+3348541,20.59792,33.81528, G      ,5129,0.017108,
2MASSJ01231557+3238331,20.81494,32.64279, UvS    ,-23,-0.000077,SPEC
SDSSJ012100.88+325849.6,20.25419,32.98002, UvS    ,-61,-0.000202,SPEC
SDSSJ012111.01+333550.9,20.29588,33.59748, G      ,136034,0.45376,SPEC
2MASSJ01243717+3240083,21.15458,32.66894, UvS    ,-86,-0.000288,SPEC
SDSSJ012507.72+324301.2,21.28218,32.717, QSO    ,814957,2.718403,SPEC
2MASSJ01210561+3256464,20.27346,32.94626, UvS    ,-272,-0.000907,SPEC
2MASSJ01205645+3300190,20.23529,33.00523, G      ,75656,0.25236,SPEC
SDSSJ012056.08+333046.3,20.23369,33.51287, G      ,163348,0.54487,SPEC
UGC00937,20.90621,32.63003, G      ,4748,0.015838,
SDSSJ012626.86+330134.9,21.61287,33.02671, UvS    ,169066,0.563943,SPEC
SDSSJ012110.84+333635.1,20.29519,33.60976, G      ,135774,0.452892,SPEC
WHLJ012110.8+333635,20.29519,33.60976, GClstr ,135926,0.4534,SPEC
RMJ012110.8+333635.1,20.2952,33.60976, GClstr ,140588,0.468952,PHOT
2MASXJ01263174+3303588,21.63217,33.06633, G      ,69322,0.231233,SPEC
SDSSJ012131.35+324855.8,20.38064,32.81551, *      ,-6,-0.000021,SPEC
SDSSJ012619.45+325743.9,21.58106,32.9622, QSO    ,2102158,7.012044,SPEC
SDSSJ012246.02+335127.8,20.69177,33.85773, G      ,155282,0.517964,SPEC
2MASSJ01211411+3253006,20.30893,32.88385, UvS    ,-84,-0.000279,SPEC
2MASSJ01233774+3353138,20.90725,33.88711, G      ,75549,0.252005,SPEC
SDSSJ012123.87+334026.8,20.34946,33.67413, G      ,211645,0.70597,SPEC
SDSSJ012456.20+334944.5,21.23419,33.82905, G      ,106324,0.35466,SPEC
SDSSJ012104.96+333510.4,20.27069,33.58623, G      ,145350,0.484835,SPEC
B20117+33,20.17021,33.36067, RadioS ,94274,0.314463,SPEC
SDSSJ012106.51+325507.1,20.27713,32.91864, G      ,135287,0.45127,SPEC
SDSSJ012248.25+335156.1,20.70107,33.86565, UvS    ,730193,2.435661,SPEC
SDSSJ012037.43+331446.8,20.156,33.24636, G      ,135451,0.451817,SPEC
SDSSJ012050.05+330138.5,20.20742,33.02712, UvS    ,-26,-0.000088,SPEC
SDSSJ012100.31+325641.4,20.25132,32.94484, G      ,129549,0.432128,SPEC
SDSSJ012617.34+325547.0,21.57227,32.92972, *      ,43,0.000142,SPEC
SDSSJ012558.76+334031.9,21.49485,33.67553, QSO    ,1064107,3.549479,SPEC
SDSSJ012609.27+333753.9,21.53864,33.63166, G      ,103953,0.346749,SPEC
IC1673,20.19312,33.04493, G      ,5090,0.016978,
SDSSJ012148.69+334607.8,20.4529,33.76884, G      ,127931,0.426732,SPEC
SDSSJ012303.10+323736.1,20.76286,32.62691, UvS    ,224664,0.749399,SPEC
SDSSJ012434.58+323830.5,21.14409,32.64181, *      ,-90,-0.000299,SPEC
SDSSJ012340.75+335358.7,20.91997,33.89946, XrayS  ,619811,2.067466,SPEC
2MASSJ01250631+3241163,21.27615,32.68789, G      ,87920,0.29327,SPEC
3C041,21.68495,33.21978, G      ,238335,0.795,
SDSSJ012043.08+330338.1,20.17951,33.06059, G      ,163933,0.546823,SPEC
2MASSJ01243509+3352293,21.14604,33.87473, G      ,89293,0.297848,SPEC
SDSSJ012159.61+324238.9,20.49838,32.71083, G      ,179532,0.598854,SPEC
2MASSJ01244335+3238488,21.18065,32.64697, *      ,-68,-0.000227,SPEC
SDSSJ012534.53+324431.2,21.3939,32.742, G      ,149161,0.497548,SPEC
SDSSJ012208.60+324114.7,20.53587,32.68743, G      ,179383,0.598358,SPEC
SDSSJ012039.72+332607.3,20.16551,33.43538, G      ,64892,0.216456,SPEC
SDSSJ012514.64+324136.2,21.31103,32.69341, G      ,187111,0.624136,SPEC
2MASSJ01231759+3236274,20.82309,32.60759, UvS    ,-112,-0.000375,SPEC
SDSSJ012558.80+334148.2,21.49504,33.69674, G      ,149104,0.497357,SPEC
2MASXJ01213037+3343521,20.37642,33.73117, G      ,36807,0.122776,SPEC
NGC0512,20.99917,33.90778, G      ,4857,0.016201,
SDSSJ012134.34+324602.8,20.39309,32.76747, G      ,198685,0.662741,SPEC
2MASXJ01203241+3320082,20.13508,33.33564, G      ,63177,0.210736,SPEC
WHLJ012032.4+332008,20.13507,33.33556, GClstr ,62956,0.21,SPEC
SDSSJ012236.13+323813.1,20.65057,32.637, *      ,-69,-0.000229,SPEC
SDSSJ012346.74+335451.6,20.94477,33.91436, G      ,88765,0.296088,SPEC
SDSSJ012449.19+335213.5,21.205,33.87043, G      ,196292,0.654761,SPEC
2MASSJ01254234+3245130,21.42639,32.75368, G      ,83063,0.277067,SPEC
WHLJ012542.3+324513,21.42639,32.75367, GClstr ,82083,0.2738,SPEC
2MASSJ01243939+3237426,21.16399,32.62845, G      ,76031,0.253612,SPEC
SDSSJ012035.49+330606.4,20.1479,33.10178, G      ,154252,0.514529,SPEC
2MASSJ01232954+3235389,20.87303,32.59458, UvS    ,-41,-0.000137,SPEC
SDSSJ012650.79+331136.3,21.71166,33.19342, G      ,151852,0.506524,SPEC
SDSSJ012127.85+334439.7,20.36604,33.74437, G      ,127652,0.425801,SPEC
MCG+05-04-050,21.05037,32.59386, G      ,11987,0.039984,
SDSSJ012259.05+335445.5,20.74604,33.91266, G      ,124345,0.414771,SPEC
2MASSJ01220319+3240310,20.5133,32.67556, UvS    ,-88,-0.000293,SPEC
SDSSJ012650.86+330946.5,21.71196,33.16293, G      ,152033,0.507126,SPEC
SDSSJ012139.62+334704.3,20.41512,33.78453, G      ,173978,0.580328,SPEC
SDSSJ012444.57+323714.3,21.18571,32.62065, *      ,-12,-0.000041,SPEC
SDSSJ012429.65+323611.1,21.12356,32.6031, *      ,-183,-0.00061,SPEC
SDSSJ012118.58+324740.1,20.32745,32.79448, *      ,-80,-0.000267,SPEC
SDSSJ012031.78+332525.5,20.13243,33.42377, G      ,221098,0.737505,SPEC
2MASSJ01205461+3254125,20.22778,32.90352, UvS    ,-183,-0.000611,SPEC
SDSSJ012354.10+323451.3,20.97544,32.58094, *      ,-82,-0.000274,SPEC
2MASSJ01204348+3258230,20.18113,32.97301, *      ,9,0.00003,SPEC
2MASSJ01242228+3235371,21.09287,32.5937, *      ,62,0.000207,SPEC
SDSSJ012043.96+333311.6,20.18321,33.55324, *      ,49,0.000162,SPEC
SDSSJ012041.55+325852.8,20.17316,32.98136, G      ,140542,0.468798,SPEC
SDSSJ012332.00+323427.4,20.88335,32.5743, G      ,221587,0.739135,SPEC
2MASXJ01202451+3318492,20.10208,33.31361, G      ,62718,0.209206,SPEC
2MASSJ01255400+3245185,21.47491,32.75512, G      ,81070,0.270422,SPEC
SDSSJ012238.32+335432.5,20.65969,33.90905, G      ,88513,0.295247,SPEC
2MASSJ01264713+3302311,21.69637,33.04198, G      ,76020,0.253576,SPEC
WHLJ012647.1+330231,21.69637,33.04198, GClstr ,76027,0.2536,SPEC
SDSSJ012241.82+323555.9,20.67428,32.59888, QSO    ,1937137,6.461593,SPEC
2MASXJ01231195+3234253,20.79992,32.57367, G      ,36494,0.121732,SPEC
SDSSJ012152.98+335014.0,20.47075,33.83724, QSO    ,828978,2.765171,SPEC
SDSSJ012024.76+330834.2,20.10318,33.14284, QSO    ,878356,2.929881,SPEC
SDSSJ012657.16+331852.7,21.73905,33.31471, UvS    ,151199,0.504345,SPEC
SDSSJ012436.04+335511.1,21.1502,33.91975, G      ,153948,0.513514,SPEC
SDSSJ012136.11+324256.6,20.40044,32.71565, UvS    ,-110,-0.000366,SPEC
SDSSJ012235.26+323558.2,20.64817,32.59912, UvS    ,54303,0.181136,SPEC
SDSSJ012259.15+335609.4,20.74648,33.93594, QSO    ,719303,2.399336,SPEC
SDSSJ012523.93+335058.5,21.34973,33.84961, G      ,196417,0.655176,SPEC
SDSSJ012159.44+335126.8,20.49768,33.85746, *      ,-106,-0.000353,SPEC
2MASSJ01235405+3233405,20.97525,32.56126, *      ,31,0.000104,SPEC
SDSSJ012650.97+332805.3,21.7124,33.46815, QSO    ,794958,2.651693,SPEC
SDSSJ012632.41+333647.2,21.63505,33.61313, QSO    ,829171,2.765816,SPEC
SDSSJ012557.18+334558.6,21.48828,33.76628, G      ,154128,0.514116,SPEC
SDSSJ012021.83+332213.4,20.09098,33.37041, G      ,130597,0.435626,SPEC
2MASXJ01223002+3354432,20.62517,33.91206, G      ,44279,0.1477,SPEC
SDSSJ012121.45+334553.4,20.33938,33.76485, QSO    ,729307,2.432706,SPEC
GALEXASCJ012037.86+333326.7,20.1575,33.55722, G      ,5334,0.017792,
SDSSJ012028.87+330207.4,20.1203,33.0354, G      ,164182,0.547652,SPEC
SDSSJ012237.87+335532.4,20.65783,33.92567, G      ,88457,0.295061,SPEC
2MASSJ01222469+3354338,20.60297,33.90935, G      ,88582,0.295477,SPEC
SDSSJ012359.57+323319.4,20.99802,32.55511, UvS    ,-179,-0.000597,SPEC
2MASXJ01235927+3233121,20.99708,32.55339, G      ,63412,0.211521,SPEC
SDSSJ012552.58+334733.9,21.46911,33.79276, G      ,180427,0.60184,SPEC
SDSSJ012437.96+335607.0,21.15818,33.9353, G      ,156585,0.522311,SPEC
2MASSJ01201883+3308217,20.07842,33.13943, G      ,89141,0.297342,SPEC
2MASSJ01213714+3349310,20.4048,33.82535, G      ,46361,0.154642,SPEC
SDSSJ012119.96+324413.2,20.33319,32.73701, QSO    ,345383,1.152075,SPEC
WHLJ012016.2+332044,20.06769,33.34559, GClstr ,102049,0.3404,SPEC
2MASSJ01201621+3320443,20.06768,33.34559, G      ,102014,0.340282,SPEC
SDSSJ012229.12+335538.6,20.62133,33.92741, G      ,124195,0.414271,SPEC
RMJ012016.2+332044.1,20.06769,33.34559, GClstr ,94205,0.314233,PHOT
SDSSJ012202.17+335310.6,20.50908,33.88631, G      ,174538,0.582196,SPEC
SDSSJ012246.29+335655.3,20.69289,33.94871, G      ,122723,0.40936,SPEC
SDSSJ012030.12+325850.4,20.12543,32.98079, UvS    ,-54,-0.00018,SPEC
SDSSJ012459.18+335507.7,21.24661,33.91881, QSO    ,772221,2.57585,SPEC
SDSSJ012410.58+335757.8,21.04412,33.96607, G      ,91817,0.306269,SPEC
SDSSJ012218.75+335500.0,20.57816,33.91669, G      ,89173,0.297448,SPEC
SDSSJ012015.28+331014.1,20.06367,33.1706, G      ,163920,0.546778,SPEC
SDSSJ012701.82+330647.7,21.7576,33.11325, G      ,157730,0.52613,SPEC
SDSSJ012453.77+335538.2,21.22405,33.92729, G      ,125381,0.418225,SPEC
SDSSJ012235.04+335620.0,20.646,33.9389, G      ,124410,0.414986,SPEC
SDSSJ012037.34+333537.3,20.1556,33.5937, G      ,163008,0.543736,SPEC
2MASSJ01205494+3249289,20.22898,32.82487, UvS    ,-42,-0.000139,SPEC
SDSSJ012653.24+330014.0,21.72184,33.00391, QSO    ,802700,2.677518,SPEC
SDSSJ012336.95+335848.0,20.90399,33.98001, G      ,175605,0.585755,SPEC
SDSSJ012043.54+333845.3,20.18144,33.64592, G      ,144853,0.483176,SPEC
SDSSJ012055.02+324846.3,20.22922,32.81299, UvS    ,226311,0.754892,SPEC
SDSSJ012619.92+324729.5,21.58301,32.79154, G      ,194945,0.650266,SPEC
2MASSJ01264769+3334354,21.69869,33.57646, G      ,90243,0.301018,SPEC
SDSSJ012653.50+325839.0,21.72295,32.9775, G      ,174314,0.581448,SPEC
SDSSJ012340.69+323130.7,20.91957,32.5252, G      ,210527,0.702241,SPEC
SDSSJ012617.25+324626.2,21.57191,32.77396, G      ,149149,0.497507,SPEC
2MASXJ01254842+3240414,21.45179,32.67808, G      ,82673,0.275766,SPEC
SDSSJ012606.39+334656.5,21.52664,33.78238, G      ,170037,0.567182,SPEC
WHLJ012548.4+324041,21.45176,32.67801, GClstr ,82683,0.2758,SPEC
SDSSJ012710.05+331512.8,21.79191,33.25358, QSO    ,503671,1.680066,SPEC
SDSSJ012309.78+335853.1,20.79078,33.98143, *      ,-230,-0.000766,SPEC
SDSSJ012047.86+325005.0,20.19945,32.83475, *      ,-21,-0.000071,SPEC
SDSSJ012209.31+335509.3,20.5388,33.91926, G      ,128025,0.427045,SPEC
CGCG521-011,20.70292,33.96833, G      ,5505,0.018363,
SDSSJ012447.95+335704.6,21.19982,33.9513, G      ,156537,0.522152,SPEC
2MASSJ01265216+3257101,21.71738,32.95287, G      ,64962,0.21669,SPEC
WHLJ012652.2+325710,21.71737,32.95287, GClstr ,64965,0.2167,SPEC
SDSSJ012010.41+330924.0,20.04339,33.15669, G      ,218736,0.729626,SPEC
SDSSJ012149.49+335309.5,20.45624,33.88599, QSO    ,932236,3.109604,SPEC
WHLJ012233.8+335725,20.6408,33.95699, GClstr ,86850,0.2897,SPEC
RMJ012233.8+335725.2,20.6408,33.95699, GClstr ,84457,0.281717,PHOT
2MASSJ01265946+3300190,21.74773,33.00536, G      ,64697,0.215807,SPEC
SDSSJ012023.03+325846.7,20.09599,32.97966, G      ,121465,0.405165,SPEC
SDSSJ012222.96+335649.0,20.59567,33.94695, G      ,124074,0.413866,SPEC
SDSSJ012419.37+323138.4,21.08073,32.52734, QSO    ,658984,2.198134,SPEC
SDSSJ012204.55+323535.5,20.51896,32.59322, *      ,-8,-0.000026,SPEC
SDSSJ012058.95+334439.5,20.24566,33.74431, G      ,84964,0.283409,SPEC
SDSSJ012230.70+335731.2,20.62792,33.95869, G      ,124786,0.416242,SPEC
WHLJ012230.7+335731,20.62792,33.95869, GClstr ,124894,0.4166,SPEC
SDSSJ012008.17+332121.2,20.03406,33.35591, G      ,102084,0.340514,SPEC
SDSSJ012423.42+323139.7,21.09761,32.52771, *      ,-167,-0.000558,SPEC
SDSSJ012446.49+335749.1,21.19374,33.96366, G      ,129798,0.432959,SPEC
IC1669,20.0285,33.18475, G      ,5717,0.01907,
2MASXJ01202417+3333572,20.10083,33.56583, G      ,59917,0.199862,SPEC
WHLJ012014.4+332839,20.05995,33.47738, GClstr ,106067,0.3538,PHOT
RMJ012014.4+332838.6,20.05995,33.47738, GClstr ,108424,0.361662,PHOT
2MASSJ01213872+3238172,20.41136,32.63814, UvS    ,-29,-0.000098,SPEC
SDSSJ012134.84+323849.3,20.39509,32.64712, UvS    ,-244,-0.000814,SPEC
SDSSJ012012.81+332814.2,20.05338,33.47062, G      ,131098,0.437297,SPEC
SDSSJ012710.97+330541.8,21.79574,33.09496, G      ,169798,0.566385,SPEC
SDSSJ012119.84+335001.8,20.3327,33.83384, G      ,162822,0.543114,SPEC
SDSSJ012709.92+332647.2,21.79135,33.44646, G      ,201596,0.672451,SPEC
SDSSJ012248.53+335927.0,20.70222,33.99085, G      ,123087,0.410573,SPEC
SDSSJ012003.69+331115.2,20.0154,33.18758, G      ,101869,0.339798,SPEC
2MASSJ01251015+3234009,21.29233,32.56692, G      ,76791,0.256147,SPEC
SDSSJ012004.06+330852.0,20.01694,33.14779, *      ,-123,-0.000409,SPEC
UGC00862,20.05447,33.50637, G      ,5190,0.017312,
KUG0121+337A,21.02582,34.01265, G      ,6673,0.022259,
SDSSJ012534.96+323631.2,21.3957,32.60868, QSO    ,995168,3.319523,SPEC
2MASSJ01200461+3307229,20.01932,33.12321, UvS    ,-123,-0.000411,SPEC
SDSSJ012226.72+335833.0,20.61136,33.97585, G      ,125706,0.41931,SPEC
SDSSJ012241.95+335934.2,20.67483,33.99286, G      ,85245,0.284347,SPEC
SDSSJ012147.99+323600.7,20.45,32.60021, QSO    ,814252,2.716053,SPEC
2MASXiJ0120213+325601,20.08933,32.93386, IrS    ,55526,0.185214,SPEC
SDSSJ012025.49+325410.7,20.10622,32.903, *      ,-69,-0.000229,SPEC
SDSSJ012713.09+330432.2,21.80456,33.07563, G      ,61783,0.206085,SPEC
SDSSJ012618.47+324341.9,21.577,32.72833, G      ,139309,0.464685,SPEC
SDSSJ012619.94+334659.3,21.58309,33.78314, G      ,187698,0.626092,SPEC
SDSSJ012045.16+324712.9,20.18818,32.78694, G      ,180288,0.601377,SPEC
SDSSJ012654.43+325335.5,21.72682,32.89321, G      ,196724,0.6562,SPEC
2MASSJ01242728+3230128,21.11368,32.50358, *      ,-67,-0.000225,SPEC
SDSSJ012413.07+340105.8,21.05449,34.01829, G      ,129798,0.43296,SPEC
SDSSJ012516.35+323337.9,21.31815,32.56054, G      ,148864,0.496558,SPEC
SDSSJ012001.47+332349.4,20.00614,33.39706, G      ,154420,0.515091,SPEC
SDSSJ012232.88+323108.2,20.63704,32.51895, QSO    ,797164,2.659054,SPEC
SDSSJ012614.46+334847.1,21.56025,33.81308, G      ,140275,0.467908,SPEC
SDSSJ012137.50+323636.9,20.40625,32.61025, *      ,-220,-0.000735,SPEC
SDSSJ012232.02+323104.4,20.63368,32.51796, UvS    ,38,0.000128,SPEC
2MASSJ01223268+3231013,20.6361,32.51709, *      ,28,0.000092,SPEC
SDSSJ012644.50+334131.5,21.68545,33.69209, G      ,149350,0.498178,SPEC
UGC00901,20.40583,32.60583, G      ,4745,0.015828,
2MASSJ01222381+3231270,20.5992,32.52417, UvS    ,-223,-0.000743,SPEC
SDSSJ011957.96+332112.2,19.9915,33.35341, G      ,163798,0.54637,SPEC
SDSSJ011956.32+331453.2,19.98471,33.24813, G      ,163354,0.544891,SPEC
SDSSJ012105.29+324138.5,20.27232,32.69448, UvS    ,152572,0.508926,SPEC
2MASSJ01230974+3229008,20.79113,32.48349, UvS    ,-54,-0.000179,SPEC
SDSSJ012255.80+322927.4,20.73253,32.49097, *      ,-122,-0.000406,SPEC
SDSSJ012225.08+335942.9,20.60451,33.99527, G      ,126247,0.421115,SPEC
2MASXJ01215718+3233333,20.48821,32.55931, G      ,83102,0.2772,SPEC
SDSSJ012225.73+335948.2,20.60721,33.99672, G      ,190556,0.635626,SPEC
SDSSJ012128.42+323714.4,20.36842,32.62069, G      ,120823,0.403022,SPEC
SDSSJ012158.31+335725.2,20.49299,33.95703, G      ,125552,0.418796,SPEC
SDSSJ012055.35+334740.7,20.23063,33.79466, G      ,138052,0.460493,SPEC
2MASXJ01211478+3351370,20.31158,33.86039, G      ,38346,0.127907,SPEC
SDSSJ012003.49+330155.8,20.01458,33.03217, G      ,138805,0.463005,SPEC
2MASSJ01244200+3229560,21.17493,32.49877, UvS    ,12,0.000041,SPEC
SDSSJ012029.93+324942.8,20.12472,32.82857, G      ,203270,0.678035,SPEC
2MASSJ01261936+3349088,21.58076,33.81917, G      ,139362,0.464861,SPEC
SDSSJ012309.58+340220.7,20.78939,34.03909, UvS    ,-171,-0.000569,SPEC
SDSSJ012650.84+324949.4,21.71185,32.83042, G      ,88028,0.293629,SPEC
WHLJ012650.8+324949,21.71185,32.83041, GClstr ,88019,0.2936,SPEC
2MASSJ01230244+3228330,20.76022,32.47578, UvS    ,-39,-0.000129,SPEC
SDSSJ011954.74+330854.3,19.97811,33.14843, G      ,154494,0.515336,SPEC
WHLJ012701.0+333748,21.7541,33.63008, GClstr ,89848,0.2997,SPEC
RMJ012701.0+333748.3,21.7541,33.63009, GClstr ,84263,0.28107,PHOT
IRASF01227+3341,21.3851,33.94631, G      ,8394,0.028,
SDSSJ012719.45+330259.9,21.83108,33.04999, G      ,174054,0.58058,SPEC
SDSSJ012003.83+330025.8,20.016,33.00717, *      ,60,0.000201,SPEC
2MASSJ01221938+3359584,20.58079,33.99959, G      ,84906,0.283216,SPEC
SDSSJ012228.22+323008.2,20.61789,32.50235, UvS    ,-323,-0.001079,SPEC
2MASSJ01241367+3402300,21.05691,34.04168, G      ,88813,0.296249,SPEC
SDSSJ012135.33+323528.2,20.39725,32.59119, *      ,-91,-0.000302,SPEC
2MASSJ01205602+3242079,20.23324,32.70217, UvS    ,-87,-0.00029,SPEC
WHLJ012015.8+325355,20.066,32.89862, GClstr ,88199,0.2942,SPEC
2MASSJ01201585+3253548,20.06599,32.89862, G      ,88183,0.294147,SPEC
SDSSJ012728.86+331407.8,21.87029,33.23551, *      ,2,0.000006,SPEC
2MASSJ01195356+3308109,19.97294,33.13622, *      ,-56,-0.000188,SPEC
SDSSJ012512.71+335912.6,21.30297,33.98686, G      ,156926,0.52345,SPEC
2MASSJ01252168+3358210,21.34059,33.97257, G      ,91657,0.305735,SPEC
SDSSJ012208.96+323117.1,20.53737,32.52142, *      ,-101,-0.000337,SPEC
2MASXJ01260991+3351513,21.54129,33.86428, G      ,75674,0.25242,SPEC
SDSSJ012616.81+335035.7,21.57007,33.84325, G      ,180150,0.600916,SPEC
WHLJ012616.8+335036,21.57007,33.84325, GClstr ,180115,0.6008,SPEC
SDSSJ012717.99+333051.5,21.82498,33.51433, *      ,-31,-0.000104,SPEC
SDSSJ012204.04+323141.1,20.51686,32.5281, G      ,44389,0.148065,SPEC
SDSSJ011949.76+331616.3,19.95737,33.27122, G      ,220917,0.7369,SPEC
SDSSJ012455.54+322956.0,21.2317,32.49885, UvS    ,-230,-0.000768,SPEC
RMJ012528.9+335749.5,21.37028,33.96375, GClstr ,153756,0.512875,PHOT
WHLJ012528.9+335749,21.37028,33.96375, GClstr ,156342,0.5215,SPEC
SDSSJ012108.43+323909.8,20.2856,32.65281, UvS    ,-113,-0.000376,SPEC
2MASSJ01214086+3234102,20.41979,32.56943, UvS    ,17102,0.057046,SPEC
SDSSJ012043.07+334627.1,20.17948,33.77421, G      ,145332,0.484775,SPEC
2MASSJ01201475+3253271,20.06173,32.89107, UvS    ,-33,-0.000111,SPEC
2MASSJ01251626+3231277,21.31768,32.52439, *      ,-53,-0.000178,SPEC
SDSSJ011949.31+331917.3,19.95548,33.32149, G      ,163554,0.545557,SPEC
SDSSJ012653.07+324848.1,21.72114,32.81338, G      ,110923,0.369999,SPEC
2MASSJ01240778+3227172,21.03244,32.45481, *      ,-21,-0.000069,SPEC
2MASSJ01242155+3227427,21.08984,32.46183, UvS    ,-102,-0.00034,SPEC
SDSSJ012006.87+325625.3,20.02866,32.94039, G      ,139989,0.466954,SPEC
SDSSJ011959.73+333045.3,19.99888,33.51259, QSO    ,1025120,3.419433,SPEC
SDSSJ012647.81+334354.8,21.69921,33.73189, QSO    ,812097,2.708865,SPEC
SDSSJ012009.72+325504.0,20.04052,32.91781, *      ,-166,-0.000555,SPEC
SDSSJ012533.51+335743.1,21.38963,33.96199, G      ,156379,0.521625,SPEC
SDSSJ012720.49+330025.0,21.83541,33.00695, G      ,158856,0.529886,SPEC
2MASSJ01195588+3302018,19.98297,33.03382, G      ,88972,0.296779,SPEC
GALEXJ012706.39+325248.0,21.77653,32.88009, VisS   ,251826,0.84,
SDSSJ012728.38+330537.0,21.86827,33.09362, G      ,212190,0.707791,SPEC
SDSSJ012246.34+340259.0,20.69272,34.04974, UvS    ,-188,-0.000627,SPEC
SDSSJ012255.40+340323.4,20.73086,34.05651, G      ,175043,0.58388,SPEC
2MASSJ01215173+3232010,20.46559,32.5337, *      ,-11,-0.000038,SPEC
2MASSJ01270631+3338379,21.77632,33.6439, G      ,89838,0.299668,SPEC
SDSSJ012056.87+335038.0,20.237,33.84389, G      ,167930,0.560155,SPEC
SDSSJ012301.97+322701.1,20.75794,32.45078, UvS    ,-57,-0.000189,SPEC
SDSSJ012505.89+322949.4,21.27457,32.49706, G      ,174674,0.582649,SPEC
2MASSJ01262370+3350308,21.59887,33.84201, G      ,75505,0.251856,SPEC
SDSSJ012042.49+324327.6,20.17705,32.72435, *      ,-85,-0.000282,SPEC
2MASSJ01212103+3235571,20.33765,32.5992, G      ,135527,0.452071,SPEC
WHLJ012121.0+323557,20.33765,32.5992, GClstr ,135536,0.4521,SPEC
SDSSJ012501.90+322926.3,21.25795,32.4906, UvS    ,-5,-0.000016,SPEC
SDSSJ012723.49+333033.1,21.84788,33.50921, G      ,148716,0.496064,SPEC
SDSSJ012532.65+323219.4,21.38607,32.53873, G      ,135666,0.452532,SPEC
SDSSJ011946.27+331016.3,19.9428,33.17121, *      ,-155,-0.000517,SPEC
2MASXJ01204408+3348062,20.18371,33.80175, G      ,24969,0.083289,SPEC
2MFGC01042,20.62167,34.04, G      ,4916,0.016398,
SDSSJ012721.82+325850.2,21.84094,32.98063, *      ,-135,-0.00045,SPEC
SDSSJ012203.78+323020.7,20.51578,32.50577, *      ,3,0.000009,SPEC
SDSSJ012246.08+322720.2,20.69213,32.4556, UvS    ,-147,-0.000492,SPEC
SDSSJ012552.58+335616.5,21.46912,33.93793, G      ,156528,0.52212,SPEC
SDSSJ012134.88+335719.8,20.39535,33.95551, G      ,138847,0.463145,SPEC
SDSSJ012629.42+334954.6,21.62261,33.83185, G      ,139055,0.463839,SPEC
WHLJ012629.4+334955,21.62261,33.83185, GClstr ,139044,0.4638,SPEC
SDSSJ012443.06+340300.2,21.17943,34.05007, *      ,-209,-0.000696,SPEC
2MASXJ01253361+3231505,21.39013,32.53069, G      ,62805,0.209494,SPEC
SDSSJ011955.99+325851.9,19.9833,32.98109, G      ,154322,0.514763,SPEC
SDSSJ012057.78+335158.1,20.24075,33.86616, G      ,137963,0.460195,SPEC
SDSSJ012036.04+334711.3,20.15018,33.78667, UvS    ,141793,0.472972,SPEC
SDSSJ011948.78+332755.8,19.95326,33.46551, G      ,135572,0.452221,SPEC
SDSSJ012031.05+324500.9,20.12941,32.75025, QSO    ,764142,2.548902,SPEC
SDSSJ012454.48+322755.9,21.22704,32.46555, G      ,155805,0.519711,SPEC
SDSSJ012254.04+322619.4,20.7252,32.43873, QSO    ,321745,1.073226,SPEC
SDSSJ011949.91+330145.4,19.95797,33.02931, *      ,-76,-0.000255,SPEC
SDSSJ012033.49+324403.6,20.13919,32.73446, UvS    ,-270,-0.000902,SPEC
SDSSJ012502.02+322818.2,21.25845,32.47174, QSO    ,714147,2.382139,SPEC
SDSSJ012352.57+322518.6,20.96906,32.42184, *      ,-305,-0.001019,SPEC
SDSSJ012531.80+323057.2,21.38252,32.51591, *      ,-95,-0.000318,SPEC
SDSSJ012702.22+334249.8,21.75929,33.71386, *      ,-178,-0.000594,SPEC
SDSSJ012222.67+340308.1,20.59448,34.05228, G      ,158767,0.52959,SPEC
ARP158:[BLD2011a]C2,21.32013,34.02698, PofG   ,4513,0.015054,
2MASSJ01274126+3317194,21.92195,33.28862, G      ,105690,0.352543,SPEC
SDSSJ012718.87+333654.9,21.82866,33.61527, G      ,132806,0.442992,SPEC
UGC00878,20.2625,33.89861, G      ,4029,0.013439,
2MASSJ01241793+3225253,21.07467,32.42359, *      ,-69,-0.000229,SPEC
SDSSJ012442.84+340411.9,21.17899,34.07051, UvS    ,683611,2.280282,SPEC
SDSSJ012140.07+323126.0,20.41697,32.5239, G      ,119894,0.399922,SPEC
SDSSJ012541.76+335912.8,21.42404,33.98691, G      ,157245,0.524514,SPEC
NGC0523,21.33639,34.02496, G      ,4758,0.015871,
CGCG502-031,19.97648,32.9485, G      ,4408,0.014704,
SDSSJ011938.31+331050.3,19.90965,33.18066, G      ,154574,0.515602,SPEC
SDSSJ011949.11+325953.9,19.95466,32.99833, G      ,154570,0.515591,SPEC
SDSSJ012045.11+324015.6,20.188,32.67103, G      ,130121,0.434036,SPEC
ARP158:[BLD2011a]C5,21.35685,34.01864, PofG   ,4878,0.016271,
NGC0523NED02,21.34306,34.02566, PofG   ,5018,0.016738,
WHLJ011940.3+332427,19.91806,33.40758, GClstr ,102019,0.3403,PHOT
RMJ011940.3+332427.3,19.91806,33.40758, GClstr ,99158,0.330757,PHOT
SDSSJ011940.03+332412.6,19.91681,33.4035, G      ,89535,0.298656,SPEC
SDSSJ012552.54+335806.2,21.46893,33.9684, QSO    ,1038949,3.46556,SPEC
2MASXJ01261176+3235403,21.549,32.59453, G      ,74414,0.24822,SPEC
2MASSJ01221425+3403043,20.55943,34.05119, G      ,44467,0.148325,SPEC
SDSSJ012741.15+330754.0,21.92147,33.13168, G      ,174923,0.58348,SPEC
SDSSJ012733.22+330034.5,21.88843,33.00959, G      ,158680,0.529301,SPEC
SDSSJ012738.62+330451.5,21.91093,33.081, G      ,169645,0.565875,SPEC
SDSSJ011935.76+331707.5,19.89902,33.28543, QSO    ,842157,2.809133,SPEC
SDSSJ012009.06+324946.0,20.03776,32.82945, G      ,179715,0.599464,SPEC
SDSSJ011939.94+332525.1,19.91643,33.42364, G      ,149451,0.498515,SPEC
SDSSJ012308.90+322437.2,20.78711,32.41036, G      ,119984,0.400223,SPEC
SDSSJ012732.38+325927.2,21.88494,32.9909, G      ,170999,0.57039,SPEC
SDSSJ012415.05+322440.6,21.06271,32.4113, *      ,-92,-0.000308,SPEC
2MASSJ01215142+3229290,20.46405,32.49122, UvS    ,-106,-0.000355,SPEC
SDSSJ012610.75+335552.0,21.54482,33.93112, G      ,169683,0.566001,SPEC
SDSSJ012447.22+340441.1,21.19677,34.07809, G      ,163389,0.545007,SPEC
SDSSJ011957.95+325343.6,19.99149,32.89547, *      ,-154,-0.000514,SPEC
SDSSJ012212.50+340319.7,20.5521,34.05548, G      ,162041,0.540509,SPEC
2MASSJ01243815+3225295,21.15889,32.42488, UvS    ,-146,-0.000487,SPEC
2MASXJ01205296+3237442,20.22062,32.629, G      ,33470,0.111644,SPEC
SDSSJ012653.02+324341.7,21.72093,32.72826, G      ,110948,0.370082,SPEC
2MASSJ01252113+3228340,21.33847,32.47575, UvS    ,-41,-0.000137,SPEC
LEDA169761,20.00708,33.65583, G      ,3844,0.012822,
SDSSJ012723.82+333659.8,21.84928,33.61664, G      ,132945,0.443456,SPEC
SDSSJ012001.20+325153.4,20.00503,32.86485, G      ,150146,0.500833,SPEC
SDSSJ012235.34+340511.0,20.64726,34.08641, G      ,105628,0.352338,SPEC
2MASSJ01221373+3226596,20.55731,32.44987, G      ,92746,0.309367,SPEC
SDSSJ012204.21+322745.7,20.51755,32.46271, QSO    ,701953,2.341462,
SDSSJ012220.09+322627.0,20.58375,32.44084, G      ,165627,0.552473,SPEC
SDSSJ012025.15+324329.7,20.10483,32.72494, QSO    ,826564,2.757119,SPEC
NGC0472,20.11954,32.70903, G      ,5312,0.017719,
SDSSJ012109.83+335645.6,20.29097,33.94601, G      ,98185,0.32751,SPEC
WHLJ012109.8+335646,20.29097,33.94601, GClstr ,98182,0.3275,SPEC
SDSSJ011935.06+332401.8,19.89611,33.4005, G      ,146844,0.48982,SPEC
2MASSJ01270784+3344024,21.7827,33.73404, G      ,100740,0.336031,SPEC
2MASSJ01224911+3224269,20.70465,32.40753, *      ,9,0.000029,SPEC
SDSSJ012617.64+323509.9,21.57351,32.58611, G      ,158286,0.527985,SPEC
SDSSJ012527.93+340221.0,21.36638,34.03918, G      ,195832,0.653225,SPEC
SDSSJ012418.57+322349.7,21.07738,32.39716, *      ,-171,-0.000572,SPEC
SDSSJ011944.78+325804.6,19.9366,32.96796, G      ,189331,0.631541,SPEC
WHLJ011944.8+325805,19.93661,32.96796, GClstr ,189289,0.6314,SPEC
2MASSJ01213548+3230075,20.39782,32.50214, *      ,-89,-0.000296,SPEC
SDSSJ012735.76+333259.1,21.89903,33.54975, QSO    ,760142,2.535559,SPEC
2MASXJ01262109+3355277,21.58796,33.92444, G      ,73770,0.246069,SPEC
SDSSJ012739.10+333102.4,21.91294,33.51734, G      ,149277,0.497936,SPEC
SDSSJ012742.68+332832.9,21.92785,33.47582, *      ,-276,-0.000921,SPEC
SDSSJ012513.71+340401.8,21.30713,34.06719, G      ,195440,0.651917,SPEC
SDSSJ012332.41+322256.3,20.88507,32.38231, G      ,120523,0.402022,SPEC
2MASSJ01260958+3357355,21.54008,33.95986, G      ,140110,0.467358,SPEC
SDSSJ012510.36+322615.1,21.2932,32.43753, QSO    ,2090364,6.972703,SPEC
SDSSJ012542.26+340132.4,21.42611,34.02569, G      ,154243,0.5145,SPEC
2MASSJ01221654+3225336,20.56924,32.42654, UvS    ,5,0.000017,SPEC
2MASSJ01222347+3225037,20.59789,32.41774, UvS    ,-21,-0.000069,SPEC
SDSSJ012318.22+322245.2,20.82595,32.37923, G      ,174061,0.580605,SPEC
SDSSJ012142.87+322833.8,20.42865,32.47606, QSO    ,514642,1.716662,SPEC
SDSSJ012035.88+335145.9,20.14954,33.86276, G      ,140518,0.468719,SPEC
SDSSJ012240.12+340647.9,20.66717,34.11331, G      ,163951,0.546881,SPEC
SDSSJ011927.83+332052.5,19.86596,33.34793, G      ,147501,0.492011,SPEC
SDSSJ012620.27+323427.4,21.58449,32.57429, G      ,181887,0.60671,SPEC
SDSSJ012000.38+334203.7,20.00158,33.70105, G      ,160041,0.533838,SPEC
SDSSJ012743.72+330106.2,21.9322,33.0184, G      ,169520,0.565457,SPEC
WHLJ012743.7+330106,21.9322,33.0184, GClstr ,169473,0.5653,SPEC
SDSSJ011955.93+334027.2,19.98305,33.67423, *      ,-74,-0.000246,SPEC
SDSSJ012718.11+334235.9,21.82546,33.70999, G      ,110675,0.369173,SPEC
2MASSJ01241466+3222491,21.0611,32.38031, *      ,-96,-0.000321,SPEC
SDSSJ012156.90+340353.7,20.4871,34.06493, G      ,164030,0.547145,SPEC
2MASSJ01274140+3259152,21.92265,32.98748, G      ,88277,0.29446,SPEC
[HLX2013]J012425.57+322307.7,21.10658,32.38548, QSO    ,569006,1.898,
SDSSJ011936.86+330000.1,19.90361,33.00004, *      ,-127,-0.000425,SPEC
SDSSJ012358.45+322221.2,20.99358,32.37257, G      ,185532,0.618868,SPEC
SDSSJ012340.64+340831.3,20.91935,34.14205, G      ,124861,0.416492,SPEC
SDSSJ012754.11+331705.9,21.97546,33.28498, G      ,151659,0.505881,SPEC
2MASXJ01250949+3405094,21.28954,34.08589, G      ,58941,0.196606,SPEC
SDSSJ012033.03+323924.4,20.1375,32.65663, UvS    ,239259,0.798082,SPEC
SDSSJ012132.07+322925.0,20.38367,32.4903, G      ,149064,0.497223,SPEC
SDSSJ011940.23+333333.1,19.91765,33.55921, G      ,130093,0.433942,SPEC
SDSSJ011927.66+332309.4,19.86528,33.38595, *      ,-7,-0.000022,SPEC
KUG0120+338,20.7575,34.13417, G      ,5125,0.017095,
SDSSJ012136.68+322844.6,20.40301,32.47911, UvS    ,-22,-0.000074,SPEC
SDSSJ011946.87+325351.8,19.94533,32.89772, QSO    ,683527,2.28,
SDSSJ012657.02+334927.3,21.73762,33.82425, G      ,149150,0.497511,SPEC
2MASXJ01222002+3224353,20.58342,32.40981, G      ,88947,0.296696,SPEC
2MASXJ01201261+3346571,20.05258,33.78261, G      ,25190,0.084025,SPEC
SDSSJ012627.91+335553.9,21.6163,33.93165, G      ,156600,0.522362,SPEC
SDSSJ012510.84+322519.8,21.2952,32.42217, G      ,172229,0.574495,SPEC
2MASSJ01274119+3257292,21.92171,32.95833, G      ,132878,0.443233,SPEC
2MASXJ01253080+3403455,21.37842,34.06261, G      ,79205,0.264199,SPEC
SDSSJ011959.99+324752.9,19.99997,32.79804, G      ,178329,0.594842,SPEC
SDSSJ012128.97+322912.1,20.37074,32.48671, QSO    ,1001611,3.341015,SPEC
SDSSJ011953.84+324951.4,19.97437,32.83095, G      ,154108,0.51405,SPEC
SDSSJ012228.18+322340.4,20.61713,32.39456, UvS    ,707474,2.35988,SPEC
SDSSJ012757.96+331538.8,21.99151,33.26078, G      ,181323,0.60483,SPEC
SDSSJ012641.68+335349.3,21.6737,33.89703, G      ,105939,0.353374,SPEC
SDSSJ012643.62+323735.2,21.68177,32.62646, G      ,174457,0.581926,SPEC
SDSSJ012744.85+333240.7,21.9369,33.54466, G      ,182076,0.607339,SPEC
WHLJ012744.9+333241,21.9369,33.54466, GClstr ,182094,0.6074,SPEC
SDSSJ012529.78+322632.9,21.37412,32.44249, G      ,172064,0.573943,SPEC
2MASSJ01193510+3258184,19.89654,32.97179, *      ,-56,-0.000188,SPEC
SDSSJ012134.19+322813.6,20.39248,32.47047, G      ,149048,0.497169,SPEC
WHLJ012134.2+322814,20.39248,32.47047, GClstr ,149057,0.4972,SPEC
SDSSJ012735.69+325317.3,21.89875,32.88814, G      ,146309,0.488033,SPEC
SDSSJ012005.73+324457.1,20.02388,32.74922, *      ,-51,-0.000171,SPEC
2MASSJ01202308+3240072,20.096,32.66874, UvS    ,-89,-0.000297,SPEC
SDSSJ011925.73+330405.9,19.85722,33.06833, *      ,-183,-0.00061,SPEC
2MASSJ01250661+3224073,21.2773,32.40209, *      ,-84,-0.00028,SPEC
SDSSJ012049.51+323422.8,20.20631,32.57302, G      ,96364,0.321434,SPEC
SDSSJ012111.45+323042.6,20.29771,32.51185, QSO    ,705006,2.351646,SPEC
SDSSJ012003.77+334613.8,20.01573,33.77052, *      ,-157,-0.000525,SPEC
SDSSJ012756.46+332606.1,21.98526,33.43504, *      ,-82,-0.000274,SPEC
SDSSJ012114.72+322955.6,20.31173,32.49931, UvS    ,-277,-0.000924,SPEC
SDSSJ012616.03+335924.6,21.56683,33.99018, G      ,165197,0.551037,SPEC
SDSSJ012657.40+335128.9,21.73918,33.85803, G      ,156400,0.521695,SPEC
SDSSJ011920.56+330746.7,19.83569,33.12965, G      ,192399,0.641775,SPEC
2MASSJ01223472+3408265,20.6447,34.14078, G      ,105853,0.353086,SPEC
2MASSJ01205708+3358287,20.23776,33.97472, G      ,62131,0.207248,SPEC
2MASSJ01214003+3226345,20.41684,32.44306, *      ,-33,-0.000109,SPEC
SDSSJ012011.00+334848.5,20.04585,33.81349, G      ,153690,0.512655,SPEC
WHLJ011919.1+330841,19.8297,33.14481, GClstr ,122945,0.4101,PHOT
SDSSJ012727.46+324802.7,21.86445,32.80077, G      ,193087,0.64407,SPEC
2MASSJ01191733+3311537,19.8222,33.19822, G      ,102627,0.342327,SPEC
SDSSJ012429.87+322120.8,21.1245,32.35579, G      ,173107,0.577424,SPEC
SDSSJ012758.78+330532.0,21.99493,33.09224, G      ,132538,0.442099,SPEC
SDSSJ012241.25+322141.9,20.6719,32.36165, G      ,174545,0.58222,SPEC
SDSSJ012751.58+333202.8,21.96492,33.53412, *      ,36,0.000119,SPEC
WHLJ012729.5+334246,21.87284,33.71289, GClstr ,104897,0.3499,SPEC
2MASXJ01272957+3342458,21.87325,33.71281, G      ,104902,0.349916,SPEC
SDSSJ011932.23+325618.2,19.88446,32.93829, UvS    ,-51,-0.00017,SPEC
2MASSJ01191570+3313280,19.81546,33.2245, G      ,89985,0.300159,SPEC
WHLJ011915.7+331328,19.81546,33.2245, GClstr ,89998,0.3002,SPEC
RMJ011915.7+331328.2,19.81546,33.2245, GClstr ,98375,0.328144,PHOT
2MASSJ01194279+3340058,19.92837,33.66829, *      ,-38,-0.000127,SPEC
2MASSJ01235597+3410394,20.98328,34.17747, G      ,89254,0.297718,SPEC
SDSSJ012228.35+340849.5,20.61813,34.1471, G      ,85090,0.283829,SPEC
SDSSJ012554.30+340321.8,21.47627,34.05607, QSO    ,619614,2.066809,SPEC
SDSSJ012125.53+322725.3,20.3564,32.45705, G      ,148502,0.49535,SPEC
2MASSJ01192791+3333311,19.86626,33.5586, UvS    ,-352,-0.001175,SPEC
2MASSJ01244981+3221399,21.20757,32.36089, UvS    ,-294,-0.00098,SPEC
SDSSJ011913.47+331630.9,19.80613,33.27526, G      ,154991,0.516993,SPEC
SDSSJ011914.95+330856.5,19.81229,33.14904, G      ,103212,0.344278,SPEC
SDSSJ012144.87+322503.6,20.43697,32.41767, G      ,149515,0.498727,SPEC
WHLJ012144.9+322504,20.43697,32.41767, GClstr ,149536,0.4988,SPEC
SDSSJ012228.46+322131.2,20.6186,32.35867, G      ,138160,0.460852,SPEC
SDSSJ012225.75+340909.4,20.60732,34.15262, G      ,169731,0.566161,SPEC
SDSSJ012715.40+324219.8,21.81418,32.70552, G      ,167645,0.559203,SPEC
SDSSJ012729.86+334420.9,21.87443,33.73917, *      ,16,0.000055,SPEC
SDSSJ012624.19+323107.1,21.6008,32.51866, G      ,149327,0.498102,SPEC
2MASSJ01221965+3221504,20.58191,32.36405, UvS    ,53,0.000176,SPEC
2MASSJ01223441+3220569,20.64335,32.34938, UvS    ,-15,-0.000049,SPEC
SDSSJ011940.04+334057.7,19.91686,33.68272, QSO    ,350508,1.169168,SPEC
SDSSJ011936.23+325158.1,19.90018,32.8661, UvS    ,-311,-0.001037,SPEC
SDSSJ012751.83+325557.7,21.96599,32.9327, G      ,133297,0.444631,SPEC
SDSSJ012447.76+340948.6,21.199,34.16351, G      ,157156,0.524217,SPEC
2MASSJ01271642+3348574,21.81844,33.81595, G      ,45565,0.151988,SPEC
SDSSJ012249.81+341039.6,20.70716,34.17752, VisS   ,340969,1.137351,SPEC
WHLJ012713.2+334952,21.80518,33.83125, GClstr ,45568,0.152,SPEC
SDSSJ012742.62+334004.1,21.92761,33.66783, G      ,182221,0.607824,SPEC
CGCG502-088,21.99292,32.99139, G      ,5110,0.017045,
SDSSJ012403.19+321909.0,21.01354,32.31945, UvS    ,-80,-0.000268,SPEC
SDSSJ012558.89+340352.5,21.49539,34.06459, G      ,195829,0.653216,SPEC
SDSSJ012048.08+335908.9,20.20032,33.9861, UvS    ,144492,0.481975,SPEC
SDSSJ012741.36+334107.0,21.92234,33.68529, QSO    ,280565,0.935865,SPEC
SDSSJ012610.29+340231.8,21.54288,34.04217, G      ,121856,0.406469,SPEC
SDSSJ012707.14+323906.3,21.77977,32.65176, G      ,173248,0.577892,SPEC
SDSSJ012339.61+321844.4,20.91463,32.31236, UvS    ,-337,-0.001125,SPEC
2MASSJ01253678+3224186,21.40312,32.40508, *      ,-52,-0.000173,SPEC
SDSSJ012431.09+321944.5,21.12958,32.32904, G      ,149977,0.500268,SPEC
NGC0468,19.95208,32.76778, G      ,5061,0.016882,
2MASSJ01194906+3245517,19.95449,32.76426, G      ,88022,0.29361,SPEC
SDSSJ012050.56+323110.5,20.21067,32.5196, G      ,110908,0.36995,SPEC
SDSSJ012024.68+335457.0,20.10303,33.91526, UvS    ,205402,0.685148,SPEC
2MASSJ01231505+3218482,20.81276,32.31345, UvS    ,-62,-0.000207,SPEC
2MASSJ01210465+3402084,20.26926,34.03488, UvS    ,75746,0.252661,SPEC
SDSSJ012757.65+325734.4,21.99021,32.95958, G      ,159782,0.532976,SPEC
WHLJ012757.7+325734,21.99022,32.95958, GClstr ,159759,0.5329,SPEC
RMJ012757.7+325734.5,21.99021,32.95958, GClstr ,164557,0.548902,PHOT
SDSSJ012729.65+324511.0,21.87358,32.75307, G      ,87952,0.293376,SPEC
SDSSJ011934.36+325105.1,19.8932,32.85144, QSO    ,938100,3.129166,SPEC
2MASSJ01274912+3338298,21.95497,33.64169, G      ,180898,0.60341,SPEC
SDSSJ011909.94+330803.4,19.79145,33.1343, G      ,199312,0.664833,SPEC
SDSSJ012033.25+323401.4,20.13857,32.56706, G      ,149619,0.499074,SPEC
SDSSJ012807.05+332651.7,22.02938,33.44771, QSO    ,919447,3.066943,SPEC
2MASSJ01273105+3345450,21.87957,33.76258, G      ,88150,0.294038,SPEC
SDSSJ012716.10+335016.3,21.81712,33.83788, QSO    ,754647,2.517232,SPEC
2MASSJ01200585+3240110,20.02443,32.66986, *      ,-11,-0.000037,SPEC
2MASXJ01231902+3412152,20.82917,34.20428, G      ,25132,0.08383,SPEC
SDSSJ012807.92+330449.8,22.03302,33.08051, G      ,168890,0.563355,SPEC
SDSSJ012040.84+335835.3,20.1702,33.97648, G      ,173976,0.580323,SPEC
SDSSJ012300.65+321852.4,20.75273,32.31457, G      ,173347,0.578224,SPEC
2MASSJ01232270+3218232,20.84467,32.30644, *      ,-216,-0.000721,SPEC
2MASSJ01210334+3228367,20.26397,32.47687, UvS    ,-145,-0.000484,SPEC
2MASSJ01220536+3221457,20.52249,32.3624, UvS    ,18,0.000061,SPEC
SDSSJ012301.18+321839.7,20.75494,32.31103, G      ,172202,0.574404,SPEC
SDSSJ011910.16+330507.7,19.79235,33.08548, G      ,147419,0.491737,SPEC
SDSSJ011925.78+333730.3,19.85746,33.6251, G      ,162510,0.542075,SPEC
SDSSJ012518.46+322132.3,21.32694,32.35899, G      ,149997,0.500336,SPEC
2MASSJ01251146+3220519,21.29772,32.34778, *      ,-44,-0.000147,SPEC
2MASSJ01242557+3218185,21.10657,32.30508, G      ,76905,0.256528,SPEC
WHLJ012425.6+321818,21.10657,32.30508, GClstr ,76897,0.2565,SPEC
SDSSJ011935.89+324812.4,19.8995,32.80359, UvS    ,-86,-0.000287,SPEC
SDSSJ012105.17+340329.9,20.27157,34.05832, G      ,146122,0.48741,SPEC
2MASSJ01201062+3237314,20.04427,32.62563, UvS    ,-77,-0.000258,SPEC
SDSSJ012810.11+330213.9,22.04216,33.03721, G      ,169825,0.566475,SPEC
2MASSJ01202045+3355568,20.08525,33.93241, *      ,-28,-0.000095,SPEC
UGC00841,19.79208,33.03056, G      ,5572,0.018586,
SDSSJ011938.18+324655.0,19.90978,32.78174, UvS    ,-140,-0.000467,SPEC
2MASSJ01280918+3330316,22.03825,33.5088, G      ,75738,0.252634,SPEC
SDSSJ012621.09+322752.7,21.58788,32.46464, *      ,6,0.000019,SPEC
2MASSJ01242778+3217546,21.11571,32.29845, *      ,-96,-0.000319,SPEC
SDSSJ011918.30+325513.0,19.82627,32.9203, *      ,56,0.000188,SPEC
SDSSJ011902.65+330740.8,19.76106,33.12803, *      ,-13,-0.000042,SPEC
2MASSJ01185959+3316129,19.74841,33.27024, G      ,87911,0.293241,SPEC
2MASSJ01235806+3216524,20.99227,32.28132, UvS    ,-5,-0.000018,SPEC
SDSSJ012818.20+332249.9,22.07584,33.38055, G      ,152339,0.508147,SPEC
SDSSJ012226.97+341159.2,20.61242,34.1998, *      ,-419,-0.001397,SPEC
2MASSJ01191606+3255325,19.81689,32.92581, UvS    ,1,0.000004,SPEC
SDSSJ012316.40+321646.5,20.81837,32.27959, G      ,174258,0.581262,SPEC
SDSSJ012305.65+341344.6,20.77358,34.22906, G      ,91555,0.305395,SPEC
SDSSJ011859.04+331905.7,19.74601,33.31827, *      ,-31,-0.000104,SPEC
2MASSJ01193608+3246126,19.90058,32.77022, UvS    ,-150,-0.000499,SPEC
2MASSJ01202311+3233105,20.09616,32.55305, UvS    ,88696,0.295858,SPEC
2MASSJ01220163+3219575,20.50671,32.33269, UvS    ,-49,-0.000163,SPEC
SDSSJ012807.34+325618.9,22.03059,32.93859, *      ,-133,-0.000444,SPEC
2MASSJ01211819+3406392,20.32582,34.11099, G      ,87848,0.29303,SPEC
SDSSJ012548.55+322240.2,21.45229,32.37786, G      ,149645,0.499161,SPEC
SDSSJ011919.07+333850.5,19.82949,33.64737, G      ,89728,0.299302,SPEC
SDSSJ012348.62+321606.7,20.9526,32.26857, QSO    ,716344,2.389466,
SDSSJ012430.55+341344.1,21.12733,34.22892, *      ,104,0.000346,SPEC
SDSSJ012819.35+330518.8,22.08066,33.08858, G      ,192902,0.643452,SPEC
SDSSJ011859.75+330604.8,19.74898,33.10135, *      ,-89,-0.000298,SPEC
SDSSJ012546.09+322212.9,21.44208,32.37026, G      ,149174,0.49759,SPEC
SDSSJ011902.43+332840.3,19.76014,33.47787, G      ,89318,0.297933,SPEC
CGCG521-028,21.75908,33.95544, G      ,4080,0.013609,
SDSSJ012550.95+322238.1,21.46225,32.37745, UvS    ,-76,-0.000254,SPEC
SDSSJ012134.24+340847.8,20.3927,34.14662, G      ,146319,0.488068,SPEC
SDSSJ012357.05+321558.3,20.98772,32.26622, G      ,172280,0.574664,SPEC
2MASSJ01185967+3304327,19.74878,33.07581, *      ,-19,-0.000065,SPEC
SDSSJ012622.42+340430.9,21.59342,34.07525, G      ,61426,0.204895,SPEC
SDSSJ012036.22+322946.8,20.15093,32.49634, *      ,-224,-0.000747,SPEC
SDSSJ012731.09+335039.0,21.87956,33.84419, G      ,190891,0.636744,SPEC
SDSSJ011854.64+332045.8,19.72768,33.34607, G      ,198371,0.661694,SPEC
